label	module	declaration
def:events	Sal.MRDTs.Framework.Base.UpdateSignature	Sal.MRDTs.Foundation.Op
def:events	Sal.MRDTs.Framework.Base.UpdateSignature	Sal.MRDTs.Foundation.UpdateSig.commutes
def:events	Sal.MRDTs.Paper1.RestrictedReplay	Sal.MRDTs.Paper1.OperationPolicy
def:events	Sal.MRDTs.Paper1.RestrictedReplay	Sal.MRDTs.Paper1.OperationPolicy.lift_rc_iff
def:events	Sal.MRDTs.Metatheory.Join.HistoricalReplay	Sal.MRDTs.Foundation.distinctOps
def:guards	Sal.MRDTs.Paper1.GuardedReplay	Sal.MRDTs.Paper1.GuardedReplay.Laws
def:invariant	Sal.MRDTs.Paper1.InvariantOrder	Sal.MRDTs.Paper1.InvariantOrder.Commutes
def:invariant	Sal.MRDTs.Paper1.InvariantOrder	Sal.MRDTs.Paper1.InvariantOrder.Closed
def:order	Sal.MRDTs.Paper1.InvariantOrder	Sal.MRDTs.Paper1.InvariantOrder.order
def:order	Sal.MRDTs.Paper1.InvariantOrder	Sal.MRDTs.Paper1.InvariantOrder.order_universal
def:order	Sal.MRDTs.Paper1.RestrictedReplay	Sal.MRDTs.Paper1.paperOrder
def:order	Sal.MRDTs.Framework.Base.Replay	Sal.MRDTs.Foundation.listPermOf
def:order	Sal.MRDTs.Framework.Base.Replay	Sal.MRDTs.Foundation.respects
def:issuance	Sal.MRDTs.Framework.Certificates	Sal.MRDTs.MintHonest
def:issuance	Sal.MRDTs.Framework.Certificates	Sal.MRDTs.Issuance
def:issuance	Sal.MRDTs.Framework.Certificates	Sal.MRDTs.IssuedStep
def:issuance	Sal.MRDTs.Framework.Certificates	Sal.MRDTs.MintCertifiedReach
def:issuance	Sal.MRDTs.Framework.Certificates	Sal.MRDTs.MintCertifiedReachV
def:issuance	Sal.MRDTs.Metatheory.Correctness	Sal.MRDTs.CertifiedExecution
def:issuance	Sal.MRDTs.Paper1.CertifiedReplay	Sal.MRDTs.Paper1.CertifiedReplay.Scope
def:issuance	Sal.MRDTs.Paper1.CertifiedReplay	Sal.MRDTs.Paper1.CertifiedReplay.Ready
def:issuance	Sal.MRDTs.Paper1.CertifiedReplay	Sal.MRDTs.Paper1.CertifiedReplay.Legal
def:scoped-laws	Sal.MRDTs.Paper1.InvariantReplay	Sal.MRDTs.Paper1.InvariantReplay.Laws
def:scoped-laws	Sal.MRDTs.Paper1.InvariantReplay	Sal.MRDTs.Paper1.InvariantReplay.PolicyLaws
def:scoped-laws	Sal.MRDTs.Paper1.InvariantReplay	Sal.MRDTs.Paper1.InvariantReplay.RestrictedLaws
def:scoped-laws	Sal.MRDTs.Paper1.CertifiedPolicy	Sal.MRDTs.Paper1.CertifiedReplay.Commutes
thm:scoped-replay	Sal.MRDTs.Paper1.InvariantReplay	Sal.MRDTs.Paper1.InvariantReplay.convergence_on
def:history	Sal.MRDTs.Paper1.HistorySpec	Sal.MRDTs.Paper1.HistorySpec
def:history	Sal.MRDTs.Paper1.HistorySpec	Sal.MRDTs.Paper1.HistoryMachine.toSpec
def:history	Sal.MRDTs.Paper1.SpecificationVisibility	Sal.MRDTs.Paper1.HistorySpec.Commutes
def:history	Sal.MRDTs.Paper1.ProjectedCriterion	Sal.MRDTs.Paper1.projectedLabels
def:history	Sal.MRDTs.Paper1.ProjectedCriterion	Sal.MRDTs.Paper1.projectedSpecVisibility
def:ra	Sal.MRDTs.Paper1.InvariantOrder	Sal.MRDTs.Paper1.InvariantOrder.VersionsRA
def:ra	Sal.MRDTs.Paper1.InvariantOrder	Sal.MRDTs.Paper1.InvariantOrder.versions_universal
def:ra	Sal.MRDTs.Paper1.EventBridge	Sal.MRDTs.Paper1.EventVersionsSpecificationRA
def:ra	Sal.MRDTs.Paper1.EventBridge	Sal.MRDTs.Paper1.EventVersionsSpecificationRA.heads
def:ra	Sal.MRDTs.Paper1.EventBridge	Sal.MRDTs.Paper1.EventSequentialSimulation
def:ra	Sal.MRDTs.Paper1.ProjectedCriterion	Sal.MRDTs.Paper1.ProjectedSpecificationRALinearizable
def:ra	Sal.MRDTs.Paper1.RALinearizability	Sal.MRDTs.Paper1.RALinearizable
thm:scoped-replay	Sal.MRDTs.Paper1.InvariantReplay	Sal.MRDTs.Paper1.InvariantReplay.Canonical
thm:scoped-replay	Sal.MRDTs.Paper1.InvariantReplay	Sal.MRDTs.Paper1.InvariantReplay.canonical_unique
def:ra	Sal.MRDTs.Paper1.RALinearizability	Sal.MRDTs.Paper1.RAExecution
def:ra	Sal.MRDTs.Paper1.RALinearizability	Sal.MRDTs.Paper1.RAImplementation
