suite,workload,system,mode,preset,operations,finalChars,finalPrimarySaveBytes,retainedHeapBytes,positionIndexMs,datatypeApplyMs,syncTotalMs,syncMedianUs,syncP95Us,syncPayloadBytes,localOpMeanUs,primarySaveBytes,runtimeGcMs,positionIndexRebuildMs,elapsedMs,syncMs,syncBytes,historyGcMs,stateGcMs,intermediateEpochs,intermediatePruned,commitsBeforeFinalGc,commitsAfter,commitsWhileAwaitingAck,epochPruned,epochPruneReason,durableStateBytes,visibleChars,shadowRecords,identityRecords,deletedIds,markRecords,coordinateSymbols,renderDigest,commitBatches,applyMs,commits,historyDropped,applyTotalMs,applyMedianUs,applyP95Us
"peritext","concurrent-rich","peritext-embed-rga","both","bulk",4101,"","","","","","","","","","","","","",13041.711625,119.282167,1193433,0,26.345833,0,0,4108,1,"",4108,"",95438,1051,1502,1502,451,1426,1608,"2d5e7f8a09377b47880dc5510be919cf38d7f40aeacd9ac8c52bae2babf6691d","","","","","","",""
"peritext","concurrent-rich","peritext-rga","both","bulk",4101,"","","","","","","","","","","","","",13003.719292,107.177709,1167030,0,21.778333,0,0,4108,1,"",4108,"",205426,1051,1608,1608,557,1426,3591,"2d5e7f8a09377b47880dc5510be919cf38d7f40aeacd9ac8c52bae2babf6691d","","","","","","",""
"peritext","concurrent-rich","peritext-sided-embed-rga","both","bulk",4101,"","","","","","","","","","","","","",14696.699999999999,130.590959,1223214,0,27.032666,0,0,4108,1,"",4108,"",212685,1051,1502,1502,451,1426,1803,"e81e8a0b56dbb870b117e225f3037d147467eef765aa98df74213364b7b466a3","","","","","","",""
"peritext","concurrent-rich","peritext-embed-rga","both-delayed","bulk",4101,"","","","","","","","","","","","","",13902.257333,116.49141399999999,1193433,0,26.922084,0,0,4108,1,4109,4108,"",95438,1051,1502,1502,451,1426,1608,"2d5e7f8a09377b47880dc5510be919cf38d7f40aeacd9ac8c52bae2babf6691d","","","","","","",""
"peritext","concurrent-rich","peritext-rga","both-delayed","bulk",4101,"","","","","","","","","","","","","",12890.530458,105.07341699999998,1167030,0,21.988375,0,0,4108,1,4109,4108,"",205426,1051,1608,1608,557,1426,3591,"2d5e7f8a09377b47880dc5510be919cf38d7f40aeacd9ac8c52bae2babf6691d","","","","","","",""
"peritext","concurrent-rich","peritext-sided-embed-rga","both-delayed","bulk",4101,"","","","","","","","","","","","","",13705.439667,130.530374,1223214,0,26.661916,0,0,4108,1,4109,4108,"",212685,1051,1502,1502,451,1426,1803,"e81e8a0b56dbb870b117e225f3037d147467eef765aa98df74213364b7b466a3","","","","","","",""
"peritext","concurrent-rich","peritext-embed-rga","both-delayed","freq",1401,"","","","","","","","","","","","","",812.417958,96.07754700000001,402827,0,6.585542,0,0,1432,1,1433,1432,"",31310,311,469,469,158,496,512,"682dc18acbe938ee5a2c27f4911af0e6bd0e7bba097a7142bc66a166dfc1120a","","","","","","",""
"peritext","concurrent-rich","peritext-rga","both-delayed","freq",1401,"","","","","","","","","","","","","",795.193667,88.71333499999999,395282,0,5.852125,0,0,1432,1,1433,1432,"",69670,311,512,512,201,496,1209,"682dc18acbe938ee5a2c27f4911af0e6bd0e7bba097a7142bc66a166dfc1120a","","","","","","",""
"peritext","concurrent-rich","peritext-sided-embed-rga","both-delayed","freq",1401,"","","","","","","","","","","","","",892.57525,105.581291,412763,0,7.677292,0,0,1432,1,1433,1432,"",71524,311,469,469,158,496,592,"b028d0cc796a34048cc15214264fb1ab66c430966b16894ae1dd78e26828469f","","","","","","",""
"peritext","concurrent-rich","peritext-embed-rga","both","freq",1401,"","","","","","","","","","","","","",818.662583,94.65021099999998,402827,0,7.847042,0,0,1432,1,"",1432,"",31310,311,469,469,158,496,512,"682dc18acbe938ee5a2c27f4911af0e6bd0e7bba097a7142bc66a166dfc1120a","","","","","","",""
"peritext","concurrent-rich","peritext-rga","both","freq",1401,"","","","","","","","","","","","","",798.450917,87.60362099999998,395282,0,5.980083,0,0,1432,1,"",1432,"",69670,311,512,512,201,496,1209,"682dc18acbe938ee5a2c27f4911af0e6bd0e7bba097a7142bc66a166dfc1120a","","","","","","",""
"peritext","concurrent-rich","peritext-sided-embed-rga","both","freq",1401,"","","","","","","","","","","","","",898.546125,107.011624,412763,0,7.674209,0,0,1432,1,"",1432,"",71524,311,469,469,158,496,592,"b028d0cc796a34048cc15214264fb1ab66c430966b16894ae1dd78e26828469f","","","","","","",""
"peritext","concurrent-rich","peritext-embed-rga","full-state","bulk",4101,"","","","","","","","","","","","","",13881.466375,115.48170799999998,1193433,0,26.279833,0,0,4108,4109,"",0,"",95438,1051,1502,1502,451,1426,1608,"2d5e7f8a09377b47880dc5510be919cf38d7f40aeacd9ac8c52bae2babf6691d","","","","","","",""
"peritext","concurrent-rich","peritext-rga","full-state","bulk",4101,"","","","","","","","","","","","","",12902.475916,107.78841699999998,1167030,0,22.032208,0,0,4108,4109,"",0,"",205426,1051,1608,1608,557,1426,3591,"2d5e7f8a09377b47880dc5510be919cf38d7f40aeacd9ac8c52bae2babf6691d","","","","","","",""
"peritext","concurrent-rich","peritext-sided-embed-rga","full-state","bulk",4101,"","","","","","","","","","","","","",13760.977834,130.768667,1223214,0,25.780542,0,0,4108,4109,"",0,"",212685,1051,1502,1502,451,1426,1803,"e81e8a0b56dbb870b117e225f3037d147467eef765aa98df74213364b7b466a3","","","","","","",""
"peritext","concurrent-rich","peritext-embed-rga","full-state","freq",1401,"","","","","","","","","","","","","",819.9372500000001,97.939088,402827,0,8.090625,0,0,1432,1433,"",0,"",31310,311,469,469,158,496,512,"682dc18acbe938ee5a2c27f4911af0e6bd0e7bba097a7142bc66a166dfc1120a","","","","","","",""
"peritext","concurrent-rich","peritext-rga","full-state","freq",1401,"","","","","","","","","","","","","",804.2715410000001,88.721333,395282,0,5.252542,0,0,1432,1433,"",0,"",69670,311,512,512,201,496,1209,"682dc18acbe938ee5a2c27f4911af0e6bd0e7bba097a7142bc66a166dfc1120a","","","","","","",""
"peritext","concurrent-rich","peritext-sided-embed-rga","full-state","freq",1401,"","","","","","","","","","","","","",898.8936669999999,106.66692100000002,412763,0,7.736125,0,0,1432,1433,"",0,"",71524,311,469,469,158,496,592,"b028d0cc796a34048cc15214264fb1ab66c430966b16894ae1dd78e26828469f","","","","","","",""
"peritext","concurrent-rich","peritext-embed-rga","history","bulk",4101,"","","","","","","","","","","","","",13460.812,65.514999,942659,47.702918,0,0,0,603,3,"",0,"",96378,1051,1844,1844,794,1428,1844,"2d5e7f8a09377b47880dc5510be919cf38d7f40aeacd9ac8c52bae2babf6691d","","","","","","",""
"peritext","concurrent-rich","peritext-rga","history","bulk",4101,"","","","","","","","","","","","","",12442.762458000001,59.603042,942659,48.442124,0,0,0,603,3,"",0,"",208865,1051,1844,1844,794,1428,4066,"2d5e7f8a09377b47880dc5510be919cf38d7f40aeacd9ac8c52bae2babf6691d","","","","","","",""
"peritext","concurrent-rich","peritext-sided-embed-rga","history","bulk",4101,"","","","","","","","","","","","","",13251.391167,78.50975,991581,46.615666,0,0,0,603,3,"",0,"",216628,1051,1844,1844,794,1428,1844,"e81e8a0b56dbb870b117e225f3037d147467eef765aa98df74213364b7b466a3","","","","","","",""
"peritext","concurrent-rich","peritext-embed-rga","history","freq",1401,"","","","","","","","","","","","","",690.807125,42.54720799999999,319856,14.968875000000002,0,0,0,43,3,"",0,"",31811,311,604,604,294,498,604,"682dc18acbe938ee5a2c27f4911af0e6bd0e7bba097a7142bc66a166dfc1120a","","","","","","",""
"peritext","concurrent-rich","peritext-rga","history","freq",1401,"","","","","","","","","","","","","",671.1292920000001,37.904455000000006,319856,14.559378,0,0,0,43,3,"",0,"",71084,311,604,604,294,498,1396,"682dc18acbe938ee5a2c27f4911af0e6bd0e7bba097a7142bc66a166dfc1120a","","","","","","",""
"peritext","concurrent-rich","peritext-sided-embed-rga","history","freq",1401,"","","","","","","","","","","","","",764.425125,52.61329100000002,335483,15.044838999999998,0,0,0,43,3,"",0,"",72994,311,604,604,294,498,604,"b028d0cc796a34048cc15214264fb1ab66c430966b16894ae1dd78e26828469f","","","","","","",""
"peritext","concurrent-rich","peritext-embed-rga","none","bulk",4101,"","","","","","","","","","","","","",13083.505041999999,88.70883300000001,942659,0,0,0,0,4108,4108,"",0,"",96378,1051,1844,1844,794,1428,1844,"2d5e7f8a09377b47880dc5510be919cf38d7f40aeacd9ac8c52bae2babf6691d","","","","","","",""
"peritext","concurrent-rich","peritext-rga","none","bulk",4101,"","","","","","","","","","","","","",13731.552334,83.326417,942659,0,0,0,0,4108,4108,"",0,"",208865,1051,1844,1844,794,1428,4066,"2d5e7f8a09377b47880dc5510be919cf38d7f40aeacd9ac8c52bae2babf6691d","","","","","","",""
"peritext","concurrent-rich","peritext-sided-embed-rga","none","bulk",4101,"","","","","","","","","","","","","",13981.565959000001,103.790498,991581,0,0,0,0,4108,4108,"",0,"",216628,1051,1844,1844,794,1428,1844,"e81e8a0b56dbb870b117e225f3037d147467eef765aa98df74213364b7b466a3","","","","","","",""
"peritext","concurrent-rich","peritext-embed-rga","none","freq",1401,"","","","","","","","","","","","","",804.510375,85.37158600000001,319856,0,0,0,0,1432,1432,"",0,"",31811,311,604,604,294,498,604,"682dc18acbe938ee5a2c27f4911af0e6bd0e7bba097a7142bc66a166dfc1120a","","","","","","",""
"peritext","concurrent-rich","peritext-rga","none","freq",1401,"","","","","","","","","","","","","",781.6445,80.70391899999998,319856,0,0,0,0,1432,1432,"",0,"",71084,311,604,604,294,498,1396,"682dc18acbe938ee5a2c27f4911af0e6bd0e7bba097a7142bc66a166dfc1120a","","","","","","",""
"peritext","concurrent-rich","peritext-sided-embed-rga","none","freq",1401,"","","","","","","","","","","","","",903.504417,97.24379099999999,335483,0,0,0,0,1432,1432,"",0,"",72994,311,604,604,294,498,604,"b028d0cc796a34048cc15214264fb1ab66c430966b16894ae1dd78e26828469f","","","","","","",""
"peritext","concurrent-rich","peritext-embed-rga","text-state","bulk",4101,"","","","","","","","","","","","","",13319.226667,117.411331,1193680,0,12.229292,0,0,4108,4109,"",0,"",95531,1051,1502,1502,451,1428,1608,"2d5e7f8a09377b47880dc5510be919cf38d7f40aeacd9ac8c52bae2babf6691d","","","","","","",""
"peritext","concurrent-rich","peritext-rga","text-state","bulk",4101,"","","","","","","","","","","","","",13038.405875,105.999084,1167277,0,8.0285,0,0,4108,4109,"",0,"",205673,1051,1608,1608,557,1428,3593,"2d5e7f8a09377b47880dc5510be919cf38d7f40aeacd9ac8c52bae2babf6691d","","","","","","",""
"peritext","concurrent-rich","peritext-sided-embed-rga","text-state","bulk",4101,"","","","","","","","","","","","","",14551.356917,128.738876,1223461,0,12.163375,0,0,4108,4109,"",0,"",212932,1051,1502,1502,451,1428,1803,"e81e8a0b56dbb870b117e225f3037d147467eef765aa98df74213364b7b466a3","","","","","","",""
"peritext","concurrent-rich","peritext-embed-rga","text-state","freq",1401,"","","","","","","","","","","","","",811.431042,95.06670899999999,403074,0,4.947875,0,0,1432,1433,"",0,"",31403,311,469,469,158,498,512,"682dc18acbe938ee5a2c27f4911af0e6bd0e7bba097a7142bc66a166dfc1120a","","","","","","",""
"peritext","concurrent-rich","peritext-rga","text-state","freq",1401,"","","","","","","","","","","","","",833.08225,90.03228999999999,395529,0,2.98375,0,0,1432,1433,"",0,"",69917,311,512,512,201,498,1211,"682dc18acbe938ee5a2c27f4911af0e6bd0e7bba097a7142bc66a166dfc1120a","","","","","","",""
"peritext","concurrent-rich","peritext-sided-embed-rga","text-state","freq",1401,"","","","","","","","","","","","","",889.459375,105.62274700000002,413010,0,4.871041,0,0,1432,1433,"",0,"",71771,311,469,469,158,498,592,"b028d0cc796a34048cc15214264fb1ab66c430966b16894ae1dd78e26828469f","","","","","","",""
"peritext","empty-rich","peritext-embed-rga","both","bulk",1202,"","","","","","","","","","","","","",316.306833,22.148082000000002,257065,0,3.57925,0,0,1203,1,"",1203,"",9,0,0,0,0,0,0,"4f53cda18c2baa0c0354bb5f9a3ecbe5ed12ab4d8e11ba873c2f11161202b945","","","","","","",""
"peritext","empty-rich","peritext-rga","both","bulk",1202,"","","","","","","","","","","","","",315.625875,20.320418,257084,0,3.308958,0,0,1203,1,"",1203,"",65,0,0,0,0,0,0,"4f53cda18c2baa0c0354bb5f9a3ecbe5ed12ab4d8e11ba873c2f11161202b945","","","","","","",""
"peritext","empty-rich","peritext-sided-embed-rga","both","bulk",1202,"","","","","","","","","","","","","",318.769541,23.215373,269973,0,3.459167,0,0,1203,1,"",1203,"",61,0,0,0,0,0,1,"4f53cda18c2baa0c0354bb5f9a3ecbe5ed12ab4d8e11ba873c2f11161202b945","","","","","","",""
"peritext","empty-rich","peritext-embed-rga","both-delayed","bulk",1202,"","","","","","","","","","","","","",312.174375,20.519956999999998,257065,0,3.937167,0,0,1203,1,1204,1203,"",9,0,0,0,0,0,0,"4f53cda18c2baa0c0354bb5f9a3ecbe5ed12ab4d8e11ba873c2f11161202b945","","","","","","",""
"peritext","empty-rich","peritext-rga","both-delayed","bulk",1202,"","","","","","","","","","","","","",311.426333,20.245666,257084,0,3.041666,0,0,1203,1,1204,1203,"",65,0,0,0,0,0,0,"4f53cda18c2baa0c0354bb5f9a3ecbe5ed12ab4d8e11ba873c2f11161202b945","","","","","","",""
"peritext","empty-rich","peritext-sided-embed-rga","both-delayed","bulk",1202,"","","","","","","","","","","","","",317.393958,22.469248,269973,0,3.380125,0,0,1203,1,1204,1203,"",61,0,0,0,0,0,1,"4f53cda18c2baa0c0354bb5f9a3ecbe5ed12ab4d8e11ba873c2f11161202b945","","","","","","",""
"peritext","empty-rich","peritext-embed-rga","both-delayed","freq",602,"","","","","","","","","","","","","",116.420625,15.462624000000002,137465,0,2.733458,0,0,603,1,604,603,"",9,0,0,0,0,0,0,"4f53cda18c2baa0c0354bb5f9a3ecbe5ed12ab4d8e11ba873c2f11161202b945","","","","","","",""
"peritext","empty-rich","peritext-rga","both-delayed","freq",602,"","","","","","","","","","","","","",116.10333299999999,15.199457999999998,137484,0,2.282833,0,0,603,1,604,603,"",65,0,0,0,0,0,0,"4f53cda18c2baa0c0354bb5f9a3ecbe5ed12ab4d8e11ba873c2f11161202b945","","","","","","",""
"peritext","empty-rich","peritext-sided-embed-rga","both-delayed","freq",602,"","","","","","","","","","","","","",121.47670900000001,15.867042000000001,142573,0,2.662042,0,0,603,1,604,603,"",61,0,0,0,0,0,1,"4f53cda18c2baa0c0354bb5f9a3ecbe5ed12ab4d8e11ba873c2f11161202b945","","","","","","",""
"peritext","empty-rich","peritext-embed-rga","both","freq",602,"","","","","","","","","","","","","",116.196834,15.143292,137465,0,2.75475,0,0,603,1,"",603,"",9,0,0,0,0,0,0,"4f53cda18c2baa0c0354bb5f9a3ecbe5ed12ab4d8e11ba873c2f11161202b945","","","","","","",""
"peritext","empty-rich","peritext-rga","both","freq",602,"","","","","","","","","","","","","",116.27325000000002,15.242208,137484,0,2.337583,0,0,603,1,"",603,"",65,0,0,0,0,0,0,"4f53cda18c2baa0c0354bb5f9a3ecbe5ed12ab4d8e11ba873c2f11161202b945","","","","","","",""
"peritext","empty-rich","peritext-sided-embed-rga","both","freq",602,"","","","","","","","","","","","","",121.12229099999999,15.704623999999999,142573,0,2.649083,0,0,603,1,"",603,"",61,0,0,0,0,0,1,"4f53cda18c2baa0c0354bb5f9a3ecbe5ed12ab4d8e11ba873c2f11161202b945","","","","","","",""
"peritext","empty-rich","peritext-embed-rga","full-state","bulk",1202,"","","","","","","","","","","","","",315.284166,21.030500999999997,257065,0,3.57175,0,0,1203,1204,"",0,"",9,0,0,0,0,0,0,"4f53cda18c2baa0c0354bb5f9a3ecbe5ed12ab4d8e11ba873c2f11161202b945","","","","","","",""
"peritext","empty-rich","peritext-rga","full-state","bulk",1202,"","","","","","","","","","","","","",313.12075000000004,20.736165999999997,257084,0,3.1465,0,0,1203,1204,"",0,"",65,0,0,0,0,0,0,"4f53cda18c2baa0c0354bb5f9a3ecbe5ed12ab4d8e11ba873c2f11161202b945","","","","","","",""
"peritext","empty-rich","peritext-sided-embed-rga","full-state","bulk",1202,"","","","","","","","","","","","","",319.12433400000003,22.597668,269973,0,3.398125,0,0,1203,1204,"",0,"",61,0,0,0,0,0,1,"4f53cda18c2baa0c0354bb5f9a3ecbe5ed12ab4d8e11ba873c2f11161202b945","","","","","","",""
"peritext","empty-rich","peritext-embed-rga","full-state","freq",602,"","","","","","","","","","","","","",116.297583,15.123792000000002,137465,0,2.737375,0,0,603,604,"",0,"",9,0,0,0,0,0,0,"4f53cda18c2baa0c0354bb5f9a3ecbe5ed12ab4d8e11ba873c2f11161202b945","","","","","","",""
"peritext","empty-rich","peritext-rga","full-state","freq",602,"","","","","","","","","","","","","",114.46866599999998,15.226833000000001,137484,0,2.383375,0,0,603,604,"",0,"",65,0,0,0,0,0,0,"4f53cda18c2baa0c0354bb5f9a3ecbe5ed12ab4d8e11ba873c2f11161202b945","","","","","","",""
"peritext","empty-rich","peritext-sided-embed-rga","full-state","freq",602,"","","","","","","","","","","","","",120.51737499999999,15.85471,142573,0,2.591667,0,0,603,604,"",0,"",61,0,0,0,0,0,1,"4f53cda18c2baa0c0354bb5f9a3ecbe5ed12ab4d8e11ba873c2f11161202b945","","","","","","",""
"peritext","empty-rich","peritext-embed-rga","history","bulk",1202,"","","","","","","","","","","","","",319.028667,17.987209,252201,1.849208,0,0,0,1203,3,"",0,"",13970,0,500,500,501,200,500,"4f53cda18c2baa0c0354bb5f9a3ecbe5ed12ab4d8e11ba873c2f11161202b945","","","","","","",""
"peritext","empty-rich","peritext-rga","history","bulk",1202,"","","","","","","","","","","","","",316.971458,17.590459,252201,1.817125,0,0,0,1203,3,"",0,"",32425,0,500,500,501,200,1201,"4f53cda18c2baa0c0354bb5f9a3ecbe5ed12ab4d8e11ba873c2f11161202b945","","","","","","",""
"peritext","empty-rich","peritext-sided-embed-rga","history","bulk",1202,"","","","","","","","","","","","","",325.610125,19.44725,265094,1.776583,0,0,0,1203,3,"",0,"",32120,0,500,500,501,200,500,"4f53cda18c2baa0c0354bb5f9a3ecbe5ed12ab4d8e11ba873c2f11161202b945","","","","","","",""
"peritext","empty-rich","peritext-embed-rga","history","freq",602,"","","","","","","","","","","","","",116.44004199999999,13.129790999999999,135001,1.080083,0,0,0,603,3,"",0,"",12170,0,200,200,201,200,200,"4f53cda18c2baa0c0354bb5f9a3ecbe5ed12ab4d8e11ba873c2f11161202b945","","","","","","",""
"peritext","empty-rich","peritext-rga","history","freq",602,"","","","","","","","","","","","","",116.23370800000001,13.430333,135001,1.070875,0,0,0,603,3,"",0,"",28825,0,200,200,201,200,601,"4f53cda18c2baa0c0354bb5f9a3ecbe5ed12ab4d8e11ba873c2f11161202b945","","","","","","",""
"peritext","empty-rich","peritext-sided-embed-rga","history","freq",602,"","","","","","","","","","","","","",120.6685,13.8935,140094,1.061791,0,0,0,603,3,"",0,"",28703,0,200,200,201,200,200,"4f53cda18c2baa0c0354bb5f9a3ecbe5ed12ab4d8e11ba873c2f11161202b945","","","","","","",""
"peritext","empty-rich","peritext-embed-rga","none","bulk",1202,"","","","","","","","","","","","","",319.30508299999997,17.440333999999996,252201,0,0,0,0,1203,1203,"",0,"",13970,0,500,500,501,200,500,"4f53cda18c2baa0c0354bb5f9a3ecbe5ed12ab4d8e11ba873c2f11161202b945","","","","","","",""
"peritext","empty-rich","peritext-rga","none","bulk",1202,"","","","","","","","","","","","","",317.57899999999995,17.998666,252201,0,0,0,0,1203,1203,"",0,"",32425,0,500,500,501,200,1201,"4f53cda18c2baa0c0354bb5f9a3ecbe5ed12ab4d8e11ba873c2f11161202b945","","","","","","",""
"peritext","empty-rich","peritext-sided-embed-rga","none","bulk",1202,"","","","","","","","","","","","","",323.676084,20.293875,265094,0,0,0,0,1203,1203,"",0,"",32120,0,500,500,501,200,500,"4f53cda18c2baa0c0354bb5f9a3ecbe5ed12ab4d8e11ba873c2f11161202b945","","","","","","",""
"peritext","empty-rich","peritext-embed-rga","none","freq",602,"","","","","","","","","","","","","",115.35275000000001,13.188999999999998,135001,0,0,0,0,603,603,"",0,"",12170,0,200,200,201,200,200,"4f53cda18c2baa0c0354bb5f9a3ecbe5ed12ab4d8e11ba873c2f11161202b945","","","","","","",""
"peritext","empty-rich","peritext-rga","none","freq",602,"","","","","","","","","","","","","",116.71058400000001,13.360832999999998,135001,0,0,0,0,603,603,"",0,"",28825,0,200,200,201,200,601,"4f53cda18c2baa0c0354bb5f9a3ecbe5ed12ab4d8e11ba873c2f11161202b945","","","","","","",""
"peritext","empty-rich","peritext-sided-embed-rga","none","freq",602,"","","","","","","","","","","","","",119.408584,13.747249,140094,0,0,0,0,603,603,"",0,"",28703,0,200,200,201,200,200,"4f53cda18c2baa0c0354bb5f9a3ecbe5ed12ab4d8e11ba873c2f11161202b945","","","","","","",""
"peritext","empty-rich","peritext-embed-rga","text-state","bulk",1202,"","","","","","","","","","","","","",323.60641699999996,23.492875000000005,285331,0,3.802083,0,0,1203,1204,"",0,"",12176,0,200,200,200,200,500,"4f53cda18c2baa0c0354bb5f9a3ecbe5ed12ab4d8e11ba873c2f11161202b945","","","","","","",""
"peritext","empty-rich","peritext-rga","text-state","bulk",1202,"","","","","","","","","","","","","",322.76441600000004,22.239418,289442,0,2.756083,0,0,1203,1204,"",0,"",32423,0,500,500,500,200,1200,"4f53cda18c2baa0c0354bb5f9a3ecbe5ed12ab4d8e11ba873c2f11161202b945","","","","","","",""
"peritext","empty-rich","peritext-sided-embed-rga","text-state","bulk",1202,"","","","","","","","","","","","","",324.037667,25.76129,299432,0,3.614,0,0,1203,1204,"",0,"",29520,0,200,200,200,200,500,"4f53cda18c2baa0c0354bb5f9a3ecbe5ed12ab4d8e11ba873c2f11161202b945","","","","","","",""
"peritext","empty-rich","peritext-embed-rga","text-state","freq",602,"","","","","","","","","","","","","",122.10595899999998,17.286832,165718,0,2.638833,0,0,603,604,"",0,"",12168,0,200,200,200,200,200,"4f53cda18c2baa0c0354bb5f9a3ecbe5ed12ab4d8e11ba873c2f11161202b945","","","","","","",""
"peritext","empty-rich","peritext-rga","text-state","freq",602,"","","","","","","","","","","","","",119.703416,16.327667,166242,0,1.686834,0,0,603,604,"",0,"",28823,0,200,200,200,200,600,"4f53cda18c2baa0c0354bb5f9a3ecbe5ed12ab4d8e11ba873c2f11161202b945","","","","","","",""
"peritext","empty-rich","peritext-sided-embed-rga","text-state","freq",602,"","","","","","","","","","","","","",121.068125,13.833250000000001,140094,0,1.051666,0,0,603,603,"",0,"",28703,0,200,200,201,200,200,"4f53cda18c2baa0c0354bb5f9a3ecbe5ed12ab4d8e11ba873c2f11161202b945","","","","","","",""
"peritext","format-trace","peritext-embed-rga","both","bulk",26752,"","","","","","","","","","","","","",35584.939167000004,327.877459,5957797,0,93.901083,0,0,26753,1,"",26753,"",72182,21862,21869,21869,7,173,22313,"0ceed9b076f7780a3a904d0ee1754ad9df7640baaf8ed9984ecda8fcb45d56b7","","","","","","",""
"peritext","format-trace","peritext-rga","both","bulk",26752,"","","","","","","","","","","","","",35148.611625,280.806959,5969243,0,53.528417,0,0,26753,1,"",26753,"",204936,21862,22313,22313,451,173,22937,"0ceed9b076f7780a3a904d0ee1754ad9df7640baaf8ed9984ecda8fcb45d56b7","","","","","","",""
"peritext","format-trace","peritext-sided-embed-rga","both","bulk",26752,"","","","","","","","","","","","","",36354.578541,401.78774999999996,6634551,0,87.874917,0,0,26753,1,"",26753,"",203219,21862,21869,21869,7,173,22773,"0ceed9b076f7780a3a904d0ee1754ad9df7640baaf8ed9984ecda8fcb45d56b7","","","","","","",""
"peritext","format-trace","peritext-embed-rga","both-delayed","bulk",26752,"","","","","","","","","","","","","",35491.75125,326.651833,5957797,0,87.752917,0,0,26753,1,26754,26753,"",72182,21862,21869,21869,7,173,22313,"0ceed9b076f7780a3a904d0ee1754ad9df7640baaf8ed9984ecda8fcb45d56b7","","","","","","",""
"peritext","format-trace","peritext-rga","both-delayed","bulk",26752,"","","","","","","","","","","","","",35401.90975,299.556876,5969243,0,52.921042,0,0,26753,1,26754,26753,"",204936,21862,22313,22313,451,173,22937,"0ceed9b076f7780a3a904d0ee1754ad9df7640baaf8ed9984ecda8fcb45d56b7","","","","","","",""
"peritext","format-trace","peritext-sided-embed-rga","both-delayed","bulk",26752,"","","","","","","","","","","","","",35430.224666999995,375.57937400000003,6634551,0,101.861709,0,0,26753,1,26754,26753,"",203219,21862,21869,21869,7,173,22773,"0ceed9b076f7780a3a904d0ee1754ad9df7640baaf8ed9984ecda8fcb45d56b7","","","","","","",""
"peritext","format-trace","peritext-embed-rga","both-delayed","freq",3221,"","","","","","","","","","","","","",526.795292,51.259958,711445,0,12.409166,0,0,3222,1,3223,3222,"",8989,2994,2994,2994,0,20,3008,"1b01cddf9611ad71ba110ddf87aad221814cc6c672eef5fdad8b7c94e6c2121c","","","","","","",""
"peritext","format-trace","peritext-rga","both-delayed","freq",3221,"","","","","","","","","","","","","",513.0975420000001,43.312625,714111,0,7.931958,0,0,3222,1,3223,3222,"",26932,2994,3008,3008,14,20,3042,"1b01cddf9611ad71ba110ddf87aad221814cc6c672eef5fdad8b7c94e6c2121c","","","","","","",""
"peritext","format-trace","peritext-sided-embed-rga","both-delayed","freq",3221,"","","","","","","","","","","","","",551.88375,55.239749,796689,0,11.435333,0,0,3222,1,3223,3222,"",26997,2994,2994,2994,0,20,3052,"1b01cddf9611ad71ba110ddf87aad221814cc6c672eef5fdad8b7c94e6c2121c","","","","","","",""
"peritext","format-trace","peritext-embed-rga","both","freq",3221,"","","","","","","","","","","","","",529.7525,50.973876,711445,0,12.581791,0,0,3222,1,"",3222,"",8989,2994,2994,2994,0,20,3008,"1b01cddf9611ad71ba110ddf87aad221814cc6c672eef5fdad8b7c94e6c2121c","","","","","","",""
"peritext","format-trace","peritext-rga","both","freq",3221,"","","","","","","","","","","","","",513.1355000000001,42.854584,714111,0,7.935417,0,0,3222,1,"",3222,"",26932,2994,3008,3008,14,20,3042,"1b01cddf9611ad71ba110ddf87aad221814cc6c672eef5fdad8b7c94e6c2121c","","","","","","",""
"peritext","format-trace","peritext-sided-embed-rga","both","freq",3221,"","","","","","","","","","","","","",553.955375,54.694834,796689,0,11.38325,0,0,3222,1,"",3222,"",26997,2994,2994,2994,0,20,3052,"1b01cddf9611ad71ba110ddf87aad221814cc6c672eef5fdad8b7c94e6c2121c","","","","","","",""
"peritext","format-trace","peritext-embed-rga","full-state","bulk",26752,"","","","","","","","","","","","","",35851.001208,328.042959,5957797,0,93.845542,0,0,26753,26754,"",0,"",72182,21862,21869,21869,7,173,22313,"0ceed9b076f7780a3a904d0ee1754ad9df7640baaf8ed9984ecda8fcb45d56b7","","","","","","",""
"peritext","format-trace","peritext-rga","full-state","bulk",26752,"","","","","","","","","","","","","",35433.016833,286.462958,5969243,0,51.375084,0,0,26753,26754,"",0,"",204936,21862,22313,22313,451,173,22937,"0ceed9b076f7780a3a904d0ee1754ad9df7640baaf8ed9984ecda8fcb45d56b7","","","","","","",""
"peritext","format-trace","peritext-sided-embed-rga","full-state","bulk",26752,"","","","","","","","","","","","","",35757.884458,389.011125,6634551,0,82.991958,0,0,26753,26754,"",0,"",203219,21862,21869,21869,7,173,22773,"0ceed9b076f7780a3a904d0ee1754ad9df7640baaf8ed9984ecda8fcb45d56b7","","","","","","",""
"peritext","format-trace","peritext-embed-rga","full-state","freq",3221,"","","","","","","","","","","","","",531.270583,50.772292,711445,0,12.323708,0,0,3222,3223,"",0,"",8989,2994,2994,2994,0,20,3008,"1b01cddf9611ad71ba110ddf87aad221814cc6c672eef5fdad8b7c94e6c2121c","","","","","","",""
"peritext","format-trace","peritext-rga","full-state","freq",3221,"","","","","","","","","","","","","",507.837958,43.797208,714111,0,8.027375,0,0,3222,3223,"",0,"",26932,2994,3008,3008,14,20,3042,"1b01cddf9611ad71ba110ddf87aad221814cc6c672eef5fdad8b7c94e6c2121c","","","","","","",""
"peritext","format-trace","peritext-sided-embed-rga","full-state","freq",3221,"","","","","","","","","","","","","",544.821458,54.207749,796689,0,12.467125,0,0,3222,3223,"",0,"",26997,2994,2994,2994,0,20,3052,"1b01cddf9611ad71ba110ddf87aad221814cc6c672eef5fdad8b7c94e6c2121c","","","","","","",""
"peritext","format-trace","peritext-embed-rga","history","bulk",26752,"","","","","","","","","","","","","",35377.26475,202.292709,5615642,37.514292,0,0,0,26753,2,"",0,"",91121,21862,24220,24220,2359,173,24220,"0ceed9b076f7780a3a904d0ee1754ad9df7640baaf8ed9984ecda8fcb45d56b7","","","","","","",""
"peritext","format-trace","peritext-rga","history","bulk",26752,"","","","","","","","","","","","","",35303.82125,214.743876,5615642,36.309042,0,0,0,26753,2,"",0,"",231037,21862,24220,24220,2359,173,26752,"0ceed9b076f7780a3a904d0ee1754ad9df7640baaf8ed9984ecda8fcb45d56b7","","","","","","",""
"peritext","format-trace","peritext-sided-embed-rga","history","bulk",26752,"","","","","","","","","","","","","",36475.870583,262.976335,6282667,38.46975,0,0,0,26753,2,"",0,"",232204,21862,24220,24220,2359,173,24220,"0ceed9b076f7780a3a904d0ee1754ad9df7640baaf8ed9984ecda8fcb45d56b7","","","","","","",""
"peritext","format-trace","peritext-embed-rga","history","freq",3221,"","","","","","","","","","","","","",495.23350000000005,32.066291,671995,4.350458,0,0,0,3222,2,"",0,"",10002,2994,3097,3097,104,20,3097,"1b01cddf9611ad71ba110ddf87aad221814cc6c672eef5fdad8b7c94e6c2121c","","","","","","",""
"peritext","format-trace","peritext-rga","history","freq",3221,"","","","","","","","","","","","","",494.44112499999994,33.944334,671995,5.270041,0,0,0,3222,2,"",0,"",28066,2994,3097,3097,104,20,3221,"1b01cddf9611ad71ba110ddf87aad221814cc6c672eef5fdad8b7c94e6c2121c","","","","","","",""
"peritext","format-trace","peritext-sided-embed-rga","history","freq",3221,"","","","","","","","","","","","","",518.94,35.908500000000004,754508,6.316334,0,0,0,3222,2,"",0,"",28082,2994,3097,3097,104,20,3097,"1b01cddf9611ad71ba110ddf87aad221814cc6c672eef5fdad8b7c94e6c2121c","","","","","","",""
"peritext","format-trace","peritext-embed-rga","none","bulk",26752,"","","","","","","","","","","","","",35533.052958,203.751166,5615642,0,0,0,0,26753,26753,"",0,"",91121,21862,24220,24220,2359,173,24220,"0ceed9b076f7780a3a904d0ee1754ad9df7640baaf8ed9984ecda8fcb45d56b7","","","","","","",""
"peritext","format-trace","peritext-rga","none","bulk",26752,"","","","","","","","","","","","","",34799.568542,215.84099999999998,5615642,0,0,0,0,26753,26753,"",0,"",231037,21862,24220,24220,2359,173,26752,"0ceed9b076f7780a3a904d0ee1754ad9df7640baaf8ed9984ecda8fcb45d56b7","","","","","","",""
"peritext","format-trace","peritext-sided-embed-rga","none","bulk",26752,"","","","","","","","","","","","","",35378.401042000005,234.96708499999997,6282667,0,0,0,0,26753,26753,"",0,"",232204,21862,24220,24220,2359,173,24220,"0ceed9b076f7780a3a904d0ee1754ad9df7640baaf8ed9984ecda8fcb45d56b7","","","","","","",""
"peritext","format-trace","peritext-embed-rga","none","freq",3221,"","","","","","","","","","","","","",491.95920799999993,32.425833999999995,671995,0,0,0,0,3222,3222,"",0,"",10002,2994,3097,3097,104,20,3097,"1b01cddf9611ad71ba110ddf87aad221814cc6c672eef5fdad8b7c94e6c2121c","","","","","","",""
"peritext","format-trace","peritext-rga","none","freq",3221,"","","","","","","","","","","","","",493.11675,33.691165999999996,671995,0,0,0,0,3222,3222,"",0,"",28066,2994,3097,3097,104,20,3221,"1b01cddf9611ad71ba110ddf87aad221814cc6c672eef5fdad8b7c94e6c2121c","","","","","","",""
"peritext","format-trace","peritext-sided-embed-rga","none","freq",3221,"","","","","","","","","","","","","",512.6631669999999,38.234624000000004,754508,0,0,0,0,3222,3222,"",0,"",28082,2994,3097,3097,104,20,3097,"1b01cddf9611ad71ba110ddf87aad221814cc6c672eef5fdad8b7c94e6c2121c","","","","","","",""
"peritext","format-trace","peritext-embed-rga","text-state","bulk",26752,"","","","","","","","","","","","","",35729.811666999994,349.936541,5957797,0,112.567166,0,0,26753,26754,"",0,"",72182,21862,21869,21869,7,173,22313,"0ceed9b076f7780a3a904d0ee1754ad9df7640baaf8ed9984ecda8fcb45d56b7","","","","","","",""
"peritext","format-trace","peritext-rga","text-state","bulk",26752,"","","","","","","","","","","","","",35790.184917,286.566626,5969243,0,53.94625,0,0,26753,26754,"",0,"",204936,21862,22313,22313,451,173,22937,"0ceed9b076f7780a3a904d0ee1754ad9df7640baaf8ed9984ecda8fcb45d56b7","","","","","","",""
"peritext","format-trace","peritext-sided-embed-rga","text-state","bulk",26752,"","","","","","","","","","","","","",35892.498541,382.221709,6634551,0,84.5905,0,0,26753,26754,"",0,"",203219,21862,21869,21869,7,173,22773,"0ceed9b076f7780a3a904d0ee1754ad9df7640baaf8ed9984ecda8fcb45d56b7","","","","","","",""
"peritext","format-trace","peritext-embed-rga","text-state","freq",3221,"","","","","","","","","","","","","",521.737708,50.48558200000001,711445,0,12.288042,0,0,3222,3223,"",0,"",8989,2994,2994,2994,0,20,3008,"1b01cddf9611ad71ba110ddf87aad221814cc6c672eef5fdad8b7c94e6c2121c","","","","","","",""
"peritext","format-trace","peritext-rga","text-state","freq",3221,"","","","","","","","","","","","","",503.572625,43.963667,714111,0,7.841917,0,0,3222,3223,"",0,"",26932,2994,3008,3008,14,20,3042,"1b01cddf9611ad71ba110ddf87aad221814cc6c672eef5fdad8b7c94e6c2121c","","","","","","",""
"peritext","format-trace","peritext-sided-embed-rga","text-state","freq",3221,"","","","","","","","","","","","","",543.126125,55.556208000000005,796689,0,11.470083,0,0,3222,3223,"",0,"",26997,2994,2994,2994,0,20,3052,"1b01cddf9611ad71ba110ddf87aad221814cc6c672eef5fdad8b7c94e6c2121c","","","","","","",""
"peritext","mark-churn","peritext-embed-rga","both","bulk",4501,"","","","","","","","","","","","","",41848.511999999995,405.7789179999999,1283869,0,83.577625,0,0,4543,1,"",4543,"",1014,500,500,500,0,0,500,"9f82ca421da1741338b72e0a3c3d56a20d8a5c6407c4cf4629abae0486f4163d","","","","","","",""
"peritext","mark-churn","peritext-rga","both","bulk",4501,"","","","","","","","","","","","","",41835.682209,337.460625,1285176,0,82.267208,0,0,4543,1,"",4543,"",4069,500,500,500,0,0,500,"9f82ca421da1741338b72e0a3c3d56a20d8a5c6407c4cf4629abae0486f4163d","","","","","","",""
"peritext","mark-churn","peritext-sided-embed-rga","both","bulk",4501,"","","","","","","","","","","","","",39452.289291999994,332.86570499999993,1297764,0,86.221958,0,0,4543,1,"",4543,"",3764,500,500,500,0,0,500,"9f82ca421da1741338b72e0a3c3d56a20d8a5c6407c4cf4629abae0486f4163d","","","","","","",""
"peritext","mark-churn","peritext-embed-rga","both-delayed","bulk",4501,"","","","","","","","","","","","","",41709.109791999996,415.75403799999987,1283869,0,84.200416,0,0,4543,1,4544,4543,"",1014,500,500,500,0,0,500,"9f82ca421da1741338b72e0a3c3d56a20d8a5c6407c4cf4629abae0486f4163d","","","","","","",""
"peritext","mark-churn","peritext-rga","both-delayed","bulk",4501,"","","","","","","","","","","","","",42126.183917,348.792706,1285176,0,84.769875,0,0,4543,1,4544,4543,"",4069,500,500,500,0,0,500,"9f82ca421da1741338b72e0a3c3d56a20d8a5c6407c4cf4629abae0486f4163d","","","","","","",""
"peritext","mark-churn","peritext-sided-embed-rga","both-delayed","bulk",4501,"","","","","","","","","","","","","",42025.436291,340.08420600000005,1297764,0,89.407334,0,0,4543,1,4544,4543,"",3764,500,500,500,0,0,500,"9f82ca421da1741338b72e0a3c3d56a20d8a5c6407c4cf4629abae0486f4163d","","","","","","",""
"peritext","mark-churn","peritext-embed-rga","both-delayed","freq",1001,"","","","","","","","","","","","","",649.746625,40.896416,275389,0,12.625375,0,0,1011,1,1012,1011,"",414,200,200,200,0,0,200,"c8a92515fc50b9932d775588106f7f2335c06aa412ed22a55479c5a692b74d7e","","","","","","",""
"peritext","mark-churn","peritext-rga","both-delayed","freq",1001,"","","","","","","","","","","","","",641.3099589999999,38.019917,275913,0,11.854792,0,0,1011,1,1012,1011,"",1669,200,200,200,0,0,200,"c8a92515fc50b9932d775588106f7f2335c06aa412ed22a55479c5a692b74d7e","","","","","","",""
"peritext","mark-churn","peritext-sided-embed-rga","both-delayed","freq",1001,"","","","","","","","","","","","","",654.868541,39.59846100000001,280884,0,12.554917,0,0,1011,1,1012,1011,"",1547,200,200,200,0,0,200,"c8a92515fc50b9932d775588106f7f2335c06aa412ed22a55479c5a692b74d7e","","","","","","",""
"peritext","mark-churn","peritext-embed-rga","both","freq",1001,"","","","","","","","","","","","","",643.4845,41.702333,275389,0,12.260667,0,0,1011,1,"",1011,"",414,200,200,200,0,0,200,"c8a92515fc50b9932d775588106f7f2335c06aa412ed22a55479c5a692b74d7e","","","","","","",""
"peritext","mark-churn","peritext-rga","both","freq",1001,"","","","","","","","","","","","","",641.848625,37.210667,275913,0,11.827958,0,0,1011,1,"",1011,"",1669,200,200,200,0,0,200,"c8a92515fc50b9932d775588106f7f2335c06aa412ed22a55479c5a692b74d7e","","","","","","",""
"peritext","mark-churn","peritext-sided-embed-rga","both","freq",1001,"","","","","","","","","","","","","",649.938458,40.691499,280884,0,12.15,0,0,1011,1,"",1011,"",1547,200,200,200,0,0,200,"c8a92515fc50b9932d775588106f7f2335c06aa412ed22a55479c5a692b74d7e","","","","","","",""
"peritext","mark-churn","peritext-embed-rga","full-state","bulk",4501,"","","","","","","","","","","","","",41642.359541000005,416.0479970000001,1283869,0,83.227666,0,0,4543,4544,"",0,"",1014,500,500,500,0,0,500,"9f82ca421da1741338b72e0a3c3d56a20d8a5c6407c4cf4629abae0486f4163d","","","","","","",""
"peritext","mark-churn","peritext-rga","full-state","bulk",4501,"","","","","","","","","","","","","",41751.720917000006,346.25446,1285176,0,82.821083,0,0,4543,4544,"",0,"",4069,500,500,500,0,0,500,"9f82ca421da1741338b72e0a3c3d56a20d8a5c6407c4cf4629abae0486f4163d","","","","","","",""
"peritext","mark-churn","peritext-sided-embed-rga","full-state","bulk",4501,"","","","","","","","","","","","","",42038.53575,345.1988789999999,1297764,0,86.229833,0,0,4543,4544,"",0,"",3764,500,500,500,0,0,500,"9f82ca421da1741338b72e0a3c3d56a20d8a5c6407c4cf4629abae0486f4163d","","","","","","",""
"peritext","mark-churn","peritext-embed-rga","full-state","freq",1001,"","","","","","","","","","","","","",644.445917,41.503083,275389,0,12.331791,0,0,1011,1012,"",0,"",414,200,200,200,0,0,200,"c8a92515fc50b9932d775588106f7f2335c06aa412ed22a55479c5a692b74d7e","","","","","","",""
"peritext","mark-churn","peritext-rga","full-state","freq",1001,"","","","","","","","","","","","","",641.793625,36.63,275913,0,12.139125,0,0,1011,1012,"",0,"",1669,200,200,200,0,0,200,"c8a92515fc50b9932d775588106f7f2335c06aa412ed22a55479c5a692b74d7e","","","","","","",""
"peritext","mark-churn","peritext-sided-embed-rga","full-state","freq",1001,"","","","","","","","","","","","","",652.785459,38.721543000000004,280884,0,13.459875,0,0,1011,1012,"",0,"",1547,200,200,200,0,0,200,"c8a92515fc50b9932d775588106f7f2335c06aa412ed22a55479c5a692b74d7e","","","","","","",""
"peritext","mark-churn","peritext-embed-rga","history","bulk",4501,"","","","","","","","","","","","","",41903.33966600001,337.84437600000007,1259480,6.801875,0,0,0,4543,3,"",0,"",238156,500,500,500,1,4000,500,"9f82ca421da1741338b72e0a3c3d56a20d8a5c6407c4cf4629abae0486f4163d","","","","","","",""
"peritext","mark-churn","peritext-rga","history","bulk",4501,"","","","","","","","","","","","","",41639.118375,271.35062100000005,1259480,5.594333,0,0,0,4543,3,"",0,"",549211,500,500,500,1,4000,4501,"9f82ca421da1741338b72e0a3c3d56a20d8a5c6407c4cf4629abae0486f4163d","","","","","","",""
"peritext","mark-churn","peritext-sided-embed-rga","history","bulk",4501,"","","","","","","","","","","","","",42293.651333,269.5832460000001,1272373,5.823667,0,0,0,4543,3,"",0,"",548906,500,500,500,1,4000,500,"9f82ca421da1741338b72e0a3c3d56a20d8a5c6407c4cf4629abae0486f4163d","","","","","","",""
"peritext","mark-churn","peritext-embed-rga","history","freq",1001,"","","","","","","","","","","","","",635.0482499999999,31.213499000000002,270117,1.380083,0,0,0,1011,3,"",0,"",45358,200,200,200,1,800,200,"c8a92515fc50b9932d775588106f7f2335c06aa412ed22a55479c5a692b74d7e","","","","","","",""
"peritext","mark-churn","peritext-rga","history","freq",1001,"","","","","","","","","","","","","",625.932916,29.343876,270117,1.342417,0,0,0,1011,3,"",0,"",108213,200,200,200,1,800,1001,"c8a92515fc50b9932d775588106f7f2335c06aa412ed22a55479c5a692b74d7e","","","","","","",""
"peritext","mark-churn","peritext-sided-embed-rga","history","freq",1001,"","","","","","","","","","","","","",637.418375,30.528627,275210,1.653,0,0,0,1011,3,"",0,"",108091,200,200,200,1,800,200,"c8a92515fc50b9932d775588106f7f2335c06aa412ed22a55479c5a692b74d7e","","","","","","",""
"peritext","mark-churn","peritext-embed-rga","none","bulk",4501,"","","","","","","","","","","","","",41846.480084,351.4373310000001,1259480,0,0,0,0,4543,4543,"",0,"",238156,500,500,500,1,4000,500,"9f82ca421da1741338b72e0a3c3d56a20d8a5c6407c4cf4629abae0486f4163d","","","","","","",""
"peritext","mark-churn","peritext-rga","none","bulk",4501,"","","","","","","","","","","","","",41723.264125,272.414706,1259480,0,0,0,0,4543,4543,"",0,"",549211,500,500,500,1,4000,4501,"9f82ca421da1741338b72e0a3c3d56a20d8a5c6407c4cf4629abae0486f4163d","","","","","","",""
"peritext","mark-churn","peritext-sided-embed-rga","none","bulk",4501,"","","","","","","","","","","","","",42278.906292,264.43079,1272373,0,0,0,0,4543,4543,"",0,"",548906,500,500,500,1,4000,500,"9f82ca421da1741338b72e0a3c3d56a20d8a5c6407c4cf4629abae0486f4163d","","","","","","",""
"peritext","mark-churn","peritext-embed-rga","none","freq",1001,"","","","","","","","","","","","","",631.9398329999999,30.776166,270117,0,0,0,0,1011,1011,"",0,"",45358,200,200,200,1,800,200,"c8a92515fc50b9932d775588106f7f2335c06aa412ed22a55479c5a692b74d7e","","","","","","",""
"peritext","mark-churn","peritext-rga","none","freq",1001,"","","","","","","","","","","","","",625.929208,29.132417000000004,270117,0,0,0,0,1011,1011,"",0,"",108213,200,200,200,1,800,1001,"c8a92515fc50b9932d775588106f7f2335c06aa412ed22a55479c5a692b74d7e","","","","","","",""
"peritext","mark-churn","peritext-sided-embed-rga","none","freq",1001,"","","","","","","","","","","","","",638.227375,30.419249999999998,275210,0,0,0,0,1011,1011,"",0,"",108091,200,200,200,1,800,200,"c8a92515fc50b9932d775588106f7f2335c06aa412ed22a55479c5a692b74d7e","","","","","","",""
"peritext","mark-churn","peritext-embed-rga","text-state","bulk",4501,"","","","","","","","","","","","","",42026.354041,429.682585,1829010,0,11.111708,0,0,4543,4544,"",0,"",238155,500,500,500,0,4000,500,"9f82ca421da1741338b72e0a3c3d56a20d8a5c6407c4cf4629abae0486f4163d","","","","","","",""
"peritext","mark-churn","peritext-rga","text-state","bulk",4501,"","","","","","","","","","","","","",41698.538125,344.649459,1830317,0,8.013125,0,0,4543,4544,"",0,"",549210,500,500,500,0,4000,4500,"9f82ca421da1741338b72e0a3c3d56a20d8a5c6407c4cf4629abae0486f4163d","","","","","","",""
"peritext","mark-churn","peritext-sided-embed-rga","text-state","bulk",4501,"","","","","","","","","","","","","",42168.157,259.25671100000005,1272373,0,5.622917,0,0,4543,4543,"",0,"",548906,500,500,500,1,4000,500,"9f82ca421da1741338b72e0a3c3d56a20d8a5c6407c4cf4629abae0486f4163d","","","","","","",""
"peritext","mark-churn","peritext-embed-rga","text-state","freq",1001,"","","","","","","","","","","","","",646.1178339999999,43.672205999999996,381932,0,4.024083,0,0,1011,1012,"",0,"",45357,200,200,200,0,800,200,"c8a92515fc50b9932d775588106f7f2335c06aa412ed22a55479c5a692b74d7e","","","","","","",""
"peritext","mark-churn","peritext-rga","text-state","freq",1001,"","","","","","","","","","","","","",641.291958,41.196166000000005,382456,0,2.28625,0,0,1011,1012,"",0,"",108212,200,200,200,0,800,1000,"c8a92515fc50b9932d775588106f7f2335c06aa412ed22a55479c5a692b74d7e","","","","","","",""
"peritext","mark-churn","peritext-sided-embed-rga","text-state","freq",1001,"","","","","","","","","","","","","",639.718291,30.794750999999998,275210,0,1.516208,0,0,1011,1011,"",0,"",108091,200,200,200,1,800,200,"c8a92515fc50b9932d775588106f7f2335c06aa412ed22a55479c5a692b74d7e","","","","","","",""
"peritext","marked-delete-churn","peritext-embed-rga","both","bulk",2101,"","","","","","","","","","","","","",1334.120791,43.28775,687875,0,10.420542,0,0,2102,1,"",2102,"",67502,100,488,488,388,1200,500,"d34d6f5f4f6cdd4041883b5786aeec0e4a8f1b01e19506b407d7fb3439cead75","","","","","","",""
"peritext","marked-delete-churn","peritext-rga","both","bulk",2101,"","","","","","","","","","","","","",1361.6844999999998,41.703875,689091,0,7.745708,0,0,2102,1,"",2102,"",162937,100,500,500,400,1200,2100,"d34d6f5f4f6cdd4041883b5786aeec0e4a8f1b01e19506b407d7fb3439cead75","","","","","","",""
"peritext","marked-delete-churn","peritext-sided-embed-rga","both","bulk",2101,"","","","","","","","","","","","","",1320.015709,42.94325,701582,0,10.062917,0,0,2102,1,"",2102,"",162535,100,488,488,388,1200,500,"d34d6f5f4f6cdd4041883b5786aeec0e4a8f1b01e19506b407d7fb3439cead75","","","","","","",""
"peritext","marked-delete-churn","peritext-embed-rga","both-delayed","bulk",2101,"","","","","","","","","","","","","",1319.230708,42.180792000000004,687875,0,10.439167,0,0,2102,1,2103,2102,"",67502,100,488,488,388,1200,500,"d34d6f5f4f6cdd4041883b5786aeec0e4a8f1b01e19506b407d7fb3439cead75","","","","","","",""
"peritext","marked-delete-churn","peritext-rga","both-delayed","bulk",2101,"","","","","","","","","","","","","",1301.92525,39.767542,689091,0,8.685791,0,0,2102,1,2103,2102,"",162937,100,500,500,400,1200,2100,"d34d6f5f4f6cdd4041883b5786aeec0e4a8f1b01e19506b407d7fb3439cead75","","","","","","",""
"peritext","marked-delete-churn","peritext-sided-embed-rga","both-delayed","bulk",2101,"","","","","","","","","","","","","",1379.436167,43.223001000000004,701582,0,10.045208,0,0,2102,1,2103,2102,"",162535,100,488,488,388,1200,500,"d34d6f5f4f6cdd4041883b5786aeec0e4a8f1b01e19506b407d7fb3439cead75","","","","","","",""
"peritext","marked-delete-churn","peritext-embed-rga","both-delayed","freq",601,"","","","","","","","","","","","","",87.22525000000002,16.592166,173324,0,3.183083,0,0,602,1,603,602,"",13524,40,167,167,127,240,200,"84b998b6b69f51d0bded6d49888ff66f0219f8321143ba10ebc7975bd970554d","","","","","","",""
"peritext","marked-delete-churn","peritext-rga","both-delayed","freq",601,"","","","","","","","","","","","","",85.75408300000001,16.179333,173671,0,2.248458,0,0,602,1,603,602,"",33227,40,200,200,160,240,600,"84b998b6b69f51d0bded6d49888ff66f0219f8321143ba10ebc7975bd970554d","","","","","","",""
"peritext","marked-delete-churn","peritext-sided-embed-rga","both-delayed","freq",601,"","","","","","","","","","","","","",90.438459,17.505124,178383,0,2.986125,0,0,602,1,603,602,"",32846,40,167,167,127,240,200,"84b998b6b69f51d0bded6d49888ff66f0219f8321143ba10ebc7975bd970554d","","","","","","",""
"peritext","marked-delete-churn","peritext-embed-rga","both","freq",601,"","","","","","","","","","","","","",87.82420799999998,16.778582,173324,0,3.309542,0,0,602,1,"",602,"",13524,40,167,167,127,240,200,"84b998b6b69f51d0bded6d49888ff66f0219f8321143ba10ebc7975bd970554d","","","","","","",""
"peritext","marked-delete-churn","peritext-rga","both","freq",601,"","","","","","","","","","","","","",85.978292,16.161583,173671,0,2.39225,0,0,602,1,"",602,"",33227,40,200,200,160,240,600,"84b998b6b69f51d0bded6d49888ff66f0219f8321143ba10ebc7975bd970554d","","","","","","",""
"peritext","marked-delete-churn","peritext-sided-embed-rga","both","freq",601,"","","","","","","","","","","","","",90.112042,17.066459,178383,0,3.062625,0,0,602,1,"",602,"",32846,40,167,167,127,240,200,"84b998b6b69f51d0bded6d49888ff66f0219f8321143ba10ebc7975bd970554d","","","","","","",""
"peritext","marked-delete-churn","peritext-embed-rga","full-state","bulk",2101,"","","","","","","","","","","","","",1302.9020830000002,43.729333,687875,0,10.267542,0,0,2102,2103,"",0,"",67502,100,488,488,388,1200,500,"d34d6f5f4f6cdd4041883b5786aeec0e4a8f1b01e19506b407d7fb3439cead75","","","","","","",""
"peritext","marked-delete-churn","peritext-rga","full-state","bulk",2101,"","","","","","","","","","","","","",1315.631833,41.575333,689091,0,8.604333,0,0,2102,2103,"",0,"",162937,100,500,500,400,1200,2100,"d34d6f5f4f6cdd4041883b5786aeec0e4a8f1b01e19506b407d7fb3439cead75","","","","","","",""
"peritext","marked-delete-churn","peritext-sided-embed-rga","full-state","bulk",2101,"","","","","","","","","","","","","",1319.927583,42.37475,701582,0,10.088208,0,0,2102,2103,"",0,"",162535,100,488,488,388,1200,500,"d34d6f5f4f6cdd4041883b5786aeec0e4a8f1b01e19506b407d7fb3439cead75","","","","","","",""
"peritext","marked-delete-churn","peritext-embed-rga","full-state","freq",601,"","","","","","","","","","","","","",86.734417,16.566875,173324,0,3.259791,0,0,602,603,"",0,"",13524,40,167,167,127,240,200,"84b998b6b69f51d0bded6d49888ff66f0219f8321143ba10ebc7975bd970554d","","","","","","",""
"peritext","marked-delete-churn","peritext-rga","full-state","freq",601,"","","","","","","","","","","","","",85.128917,16.123416,173671,0,2.222583,0,0,602,603,"",0,"",33227,40,200,200,160,240,600,"84b998b6b69f51d0bded6d49888ff66f0219f8321143ba10ebc7975bd970554d","","","","","","",""
"peritext","marked-delete-churn","peritext-sided-embed-rga","full-state","freq",601,"","","","","","","","","","","","","",88.998209,17.186875,178383,0,3.119875,0,0,602,603,"",0,"",32846,40,167,167,127,240,200,"84b998b6b69f51d0bded6d49888ff66f0219f8321143ba10ebc7975bd970554d","","","","","","",""
"peritext","marked-delete-churn","peritext-embed-rga","history","bulk",2101,"","","","","","","","","","","","","",1363.7408750000002,26.864624999999997,517035,3.192667,0,0,0,2102,2,"",0,"",67484,100,500,500,401,1200,500,"d34d6f5f4f6cdd4041883b5786aeec0e4a8f1b01e19506b407d7fb3439cead75","","","","","","",""
"peritext","marked-delete-churn","peritext-rga","history","bulk",2101,"","","","","","","","","","","","","",1270.952375,27.667709,517035,3.049125,0,0,0,2102,2,"",0,"",162939,100,500,500,401,1200,2101,"d34d6f5f4f6cdd4041883b5786aeec0e4a8f1b01e19506b407d7fb3439cead75","","","","","","",""
"peritext","marked-delete-churn","peritext-sided-embed-rga","history","bulk",2101,"","","","","","","","","","","","","",1356.8322500000002,28.281667000000002,529928,3.102375,0,0,0,2102,2,"",0,"",162634,100,500,500,401,1200,500,"d34d6f5f4f6cdd4041883b5786aeec0e4a8f1b01e19506b407d7fb3439cead75","","","","","","",""
"peritext","marked-delete-churn","peritext-embed-rga","history","freq",601,"","","","","","","","","","","","","",80.96812500000001,12.951792999999999,138026,1.252959,0,0,0,602,2,"",0,"",13494,40,200,200,161,240,200,"84b998b6b69f51d0bded6d49888ff66f0219f8321143ba10ebc7975bd970554d","","","","","","",""
"peritext","marked-delete-churn","peritext-rga","history","freq",601,"","","","","","","","","","","","","",81.79825,13.364001,138026,1.0815,0,0,0,602,2,"",0,"",33229,40,200,200,161,240,601,"84b998b6b69f51d0bded6d49888ff66f0219f8321143ba10ebc7975bd970554d","","","","","","",""
"peritext","marked-delete-churn","peritext-sided-embed-rga","history","freq",601,"","","","","","","","","","","","","",83.88345799999999,13.692876000000002,143119,1.144667,0,0,0,602,2,"",0,"",33107,40,200,200,161,240,200,"84b998b6b69f51d0bded6d49888ff66f0219f8321143ba10ebc7975bd970554d","","","","","","",""
"peritext","marked-delete-churn","peritext-embed-rga","none","bulk",2101,"","","","","","","","","","","","","",1358.681416,27.036208,517035,0,0,0,0,2102,2102,"",0,"",67484,100,500,500,401,1200,500,"d34d6f5f4f6cdd4041883b5786aeec0e4a8f1b01e19506b407d7fb3439cead75","","","","","","",""
"peritext","marked-delete-churn","peritext-rga","none","bulk",2101,"","","","","","","","","","","","","",1271.4696669999998,27.000166,517035,0,0,0,0,2102,2102,"",0,"",162939,100,500,500,401,1200,2101,"d34d6f5f4f6cdd4041883b5786aeec0e4a8f1b01e19506b407d7fb3439cead75","","","","","","",""
"peritext","marked-delete-churn","peritext-sided-embed-rga","none","bulk",2101,"","","","","","","","","","","","","",1305.798958,29.304040999999998,529928,0,0,0,0,2102,2102,"",0,"",162634,100,500,500,401,1200,500,"d34d6f5f4f6cdd4041883b5786aeec0e4a8f1b01e19506b407d7fb3439cead75","","","","","","",""
"peritext","marked-delete-churn","peritext-embed-rga","none","freq",601,"","","","","","","","","","","","","",79.51766599999999,13.187667000000001,138026,0,0,0,0,602,602,"",0,"",13494,40,200,200,161,240,200,"84b998b6b69f51d0bded6d49888ff66f0219f8321143ba10ebc7975bd970554d","","","","","","",""
"peritext","marked-delete-churn","peritext-rga","none","freq",601,"","","","","","","","","","","","","",79.99574999999999,13.054458,138026,0,0,0,0,602,602,"",0,"",33229,40,200,200,161,240,601,"84b998b6b69f51d0bded6d49888ff66f0219f8321143ba10ebc7975bd970554d","","","","","","",""
"peritext","marked-delete-churn","peritext-sided-embed-rga","none","freq",601,"","","","","","","","","","","","","",81.111458,13.597167,143119,0,0,0,0,602,602,"",0,"",33107,40,200,200,161,240,200,"84b998b6b69f51d0bded6d49888ff66f0219f8321143ba10ebc7975bd970554d","","","","","","",""
"peritext","marked-delete-churn","peritext-embed-rga","text-state","bulk",2101,"","","","","","","","","","","","","",1296.6468340000001,41.587584,687875,0,6.240042,0,0,2102,2103,"",0,"",67502,100,488,488,388,1200,500,"d34d6f5f4f6cdd4041883b5786aeec0e4a8f1b01e19506b407d7fb3439cead75","","","","","","",""
"peritext","marked-delete-churn","peritext-rga","text-state","bulk",2101,"","","","","","","","","","","","","",1293.6915410000001,38.899665999999996,689091,0,4.325125,0,0,2102,2103,"",0,"",162937,100,500,500,400,1200,2100,"d34d6f5f4f6cdd4041883b5786aeec0e4a8f1b01e19506b407d7fb3439cead75","","","","","","",""
"peritext","marked-delete-churn","peritext-sided-embed-rga","text-state","bulk",2101,"","","","","","","","","","","","","",1387.3762499999998,41.354124,701582,0,5.79275,0,0,2102,2103,"",0,"",162535,100,488,488,388,1200,500,"d34d6f5f4f6cdd4041883b5786aeec0e4a8f1b01e19506b407d7fb3439cead75","","","","","","",""
"peritext","marked-delete-churn","peritext-embed-rga","text-state","freq",601,"","","","","","","","","","","","","",85.377125,16.438875,173324,0,2.697,0,0,602,603,"",0,"",13524,40,167,167,127,240,200,"84b998b6b69f51d0bded6d49888ff66f0219f8321143ba10ebc7975bd970554d","","","","","","",""
"peritext","marked-delete-churn","peritext-rga","text-state","freq",601,"","","","","","","","","","","","","",84.609958,16.267291,173671,0,1.751333,0,0,602,603,"",0,"",33227,40,200,200,160,240,600,"84b998b6b69f51d0bded6d49888ff66f0219f8321143ba10ebc7975bd970554d","","","","","","",""
"peritext","marked-delete-churn","peritext-sided-embed-rga","text-state","freq",601,"","","","","","","","","","","","","",87.931459,17.240918,178383,0,2.567167,0,0,602,603,"",0,"",32846,40,167,167,127,240,200,"84b998b6b69f51d0bded6d49888ff66f0219f8321143ba10ebc7975bd970554d","","","","","","",""
"peritext","multi-epoch-rich","peritext-embed-rga","both","bulk",2309,"","","","","","","","","","","","","",3212.0207920000003,65.439582,763885,0,15.039626000000002,2,2210,1210,1211,"",0,"evidence from B has not reached the compaction cut",45742,931,1168,1168,237,627,1243,"e8fee8f06c9506cb80bece8c842213ee92c42d2fa6afd1585ab36840350694de","","","","","","",""
"peritext","multi-epoch-rich","peritext-rga","both","bulk",2309,"","","","","","","","","","","","","",3231.840208,57.408877,725166,0,9.809542,2,2210,1210,1211,"",0,"evidence from B has not reached the compaction cut",94631,931,1243,1243,312,627,2182,"e8fee8f06c9506cb80bece8c842213ee92c42d2fa6afd1585ab36840350694de","","","","","","",""
"peritext","multi-epoch-rich","peritext-sided-embed-rga","both","bulk",2309,"","","","","","","","","","","","","",3442.679542,81.428999,763505,0,13.785167999999999,2,2210,1210,1211,"",0,"evidence from B has not reached the compaction cut",97454,931,1168,1168,237,627,1289,"5f46c09d8fcbe2ab6cb7fd482c1422626005d324b9b5f0462ef912dd83ecf881","","","","","","",""
"peritext","multi-epoch-rich","peritext-embed-rga","both-delayed","bulk",2309,"","","","","","","","","","","","","",3206.537375,65.099583,763885,0,15.101333,2,2210,1210,1211,1211,0,"evidence from B has not reached the compaction cut",45742,931,1168,1168,237,627,1243,"e8fee8f06c9506cb80bece8c842213ee92c42d2fa6afd1585ab36840350694de","","","","","","",""
"peritext","multi-epoch-rich","peritext-rga","both-delayed","bulk",2309,"","","","","","","","","","","","","",3168.464584,51.350207,725166,0,10.07725,2,2210,1210,1211,1211,0,"evidence from B has not reached the compaction cut",94631,931,1243,1243,312,627,2182,"e8fee8f06c9506cb80bece8c842213ee92c42d2fa6afd1585ab36840350694de","","","","","","",""
"peritext","multi-epoch-rich","peritext-sided-embed-rga","both-delayed","bulk",2309,"","","","","","","","","","","","","",3386.484875,82.00466700000001,763505,0,14.737334,2,2210,1210,1211,1211,0,"evidence from B has not reached the compaction cut",97454,931,1168,1168,237,627,1289,"5f46c09d8fcbe2ab6cb7fd482c1422626005d324b9b5f0462ef912dd83ecf881","","","","","","",""
"peritext","multi-epoch-rich","peritext-embed-rga","both-delayed","freq",329,"","","","","","","","","","","","","",52.29066600000001,18.422333000000002,89843,0,3.892417,2,490,90,91,91,0,"evidence from B has not reached the compaction cut",3343,212,232,232,20,40,246,"c0aea32387d026915ab898ea3e9cdc15ec29f87ecb71aecee9f557009c0cb2ba","","","","","","",""
"peritext","multi-epoch-rich","peritext-rga","both-delayed","freq",329,"","","","","","","","","","","","","",46.238,15.655875,88211,0,1.828625,2,490,90,91,91,0,"evidence from B has not reached the compaction cut",7353,212,246,246,34,40,320,"c0aea32387d026915ab898ea3e9cdc15ec29f87ecb71aecee9f557009c0cb2ba","","","","","","",""
"peritext","multi-epoch-rich","peritext-sided-embed-rga","both-delayed","freq",329,"","","","","","","","","","","","","",56.91545899999999,19.397707999999994,94202,0,3.411042,2,490,90,91,91,0,"evidence from B has not reached the compaction cut",7308,212,232,232,20,40,249,"c0aea32387d026915ab898ea3e9cdc15ec29f87ecb71aecee9f557009c0cb2ba","","","","","","",""
"peritext","multi-epoch-rich","peritext-embed-rga","both","freq",329,"","","","","","","","","","","","","",52.176458000000004,18.605793,89843,0,3.7644170000000003,2,490,90,91,"",0,"evidence from B has not reached the compaction cut",3343,212,232,232,20,40,246,"c0aea32387d026915ab898ea3e9cdc15ec29f87ecb71aecee9f557009c0cb2ba","","","","","","",""
"peritext","multi-epoch-rich","peritext-rga","both","freq",329,"","","","","","","","","","","","","",46.30520799999999,16.117915999999997,88211,0,1.837167,2,490,90,91,"",0,"evidence from B has not reached the compaction cut",7353,212,246,246,34,40,320,"c0aea32387d026915ab898ea3e9cdc15ec29f87ecb71aecee9f557009c0cb2ba","","","","","","",""
"peritext","multi-epoch-rich","peritext-sided-embed-rga","both","freq",329,"","","","","","","","","","","","","",57.339082999999995,19.755457,94202,0,3.4392920000000005,2,490,90,91,"",0,"evidence from B has not reached the compaction cut",7308,212,232,232,20,40,249,"c0aea32387d026915ab898ea3e9cdc15ec29f87ecb71aecee9f557009c0cb2ba","","","","","","",""
"peritext","multi-epoch-rich","peritext-embed-rga","full-state","bulk",2309,"","","","","","","","","","","","","",3392.792458,72.651417,769358,0,16.267459,2,0,2315,2316,"",0,"",44981,931,1091,1091,160,627,1219,"e8fee8f06c9506cb80bece8c842213ee92c42d2fa6afd1585ab36840350694de","","","","","","",""
"peritext","multi-epoch-rich","peritext-rga","full-state","bulk",2309,"","","","","","","","","","","","","",3292.7924160000002,59.495834,733126,0,11.469625,2,0,2315,2316,"",0,"",94315,931,1219,1219,288,627,2134,"e8fee8f06c9506cb80bece8c842213ee92c42d2fa6afd1585ab36840350694de","","","","","","",""
"peritext","multi-epoch-rich","peritext-sided-embed-rga","full-state","bulk",2309,"","","","","","","","","","","","","",3526.769209,90.740458,770754,0,14.655874999999998,2,0,2315,2316,"",0,"",96734,931,1091,1091,160,627,1281,"5f46c09d8fcbe2ab6cb7fd482c1422626005d324b9b5f0462ef912dd83ecf881","","","","","","",""
"peritext","multi-epoch-rich","peritext-embed-rga","full-state","freq",329,"","","","","","","","","","","","","",55.674458,20.064085999999996,91524,0,4.1075420000000005,2,0,335,336,"",0,"",3314,212,218,218,6,40,245,"c0aea32387d026915ab898ea3e9cdc15ec29f87ecb71aecee9f557009c0cb2ba","","","","","","",""
"peritext","multi-epoch-rich","peritext-rga","full-state","freq",329,"","","","","","","","","","","","","",49.66325,17.56525,89889,0,2.343833,2,0,335,336,"",0,"",7341,212,245,245,33,40,318,"c0aea32387d026915ab898ea3e9cdc15ec29f87ecb71aecee9f557009c0cb2ba","","","","","","",""
"peritext","multi-epoch-rich","peritext-sided-embed-rga","full-state","freq",329,"","","","","","","","","","","","","",60.144916,21.458875,95725,0,3.6358759999999997,2,0,335,336,"",0,"",7200,212,218,218,6,40,249,"c0aea32387d026915ab898ea3e9cdc15ec29f87ecb71aecee9f557009c0cb2ba","","","","","","",""
"peritext","multi-epoch-rich","peritext-embed-rga","history","bulk",2307,"","","","","","","","","","","","","",2874.764334,45.882583000000004,516593,3.274125,0,0,0,2311,3,"",0,"",44413,931,1297,1297,367,627,1297,"e8fee8f06c9506cb80bece8c842213ee92c42d2fa6afd1585ab36840350694de","","","","","","",""
"peritext","multi-epoch-rich","peritext-rga","history","bulk",2307,"","","","","","","","","","","","","",2925.6404159999997,40.024083,516593,3.046,0,0,0,2311,3,"",0,"",95380,931,1297,1297,367,627,2291,"e8fee8f06c9506cb80bece8c842213ee92c42d2fa6afd1585ab36840350694de","","","","","","",""
"peritext","multi-epoch-rich","peritext-sided-embed-rga","history","bulk",2307,"","","","","","","","","","","","","",3071.7966669999996,61.281749,550351,3.157125,0,0,0,2311,3,"",0,"",98683,931,1297,1297,367,627,1297,"5f46c09d8fcbe2ab6cb7fd482c1422626005d324b9b5f0462ef912dd83ecf881","","","","","","",""
"peritext","multi-epoch-rich","peritext-embed-rga","history","freq",327,"","","","","","","","","","","","","",44.77570800000001,14.656418,69338,0.587792,0,0,0,331,3,"",0,"",3107,212,249,249,38,40,249,"c0aea32387d026915ab898ea3e9cdc15ec29f87ecb71aecee9f557009c0cb2ba","","","","","","",""
"peritext","multi-epoch-rich","peritext-rga","history","freq",327,"","","","","","","","","","","","","",43.539792000000006,14.132835,69338,0.549458,0,0,0,331,3,"",0,"",7391,212,249,249,38,40,327,"c0aea32387d026915ab898ea3e9cdc15ec29f87ecb71aecee9f557009c0cb2ba","","","","","","",""
"peritext","multi-epoch-rich","peritext-sided-embed-rga","history","freq",327,"","","","","","","","","","","","","",51.31229200000001,15.811209,75685,0.655625,0,0,0,331,3,"",0,"",7450,212,249,249,38,40,249,"c0aea32387d026915ab898ea3e9cdc15ec29f87ecb71aecee9f557009c0cb2ba","","","","","","",""
"peritext","multi-epoch-rich","peritext-embed-rga","none","bulk",2307,"","","","","","","","","","","","","",2843.827875,45.984166,516593,0,0,0,0,2311,2311,"",0,"",44413,931,1297,1297,367,627,1297,"e8fee8f06c9506cb80bece8c842213ee92c42d2fa6afd1585ab36840350694de","","","","","","",""
"peritext","multi-epoch-rich","peritext-rga","none","bulk",2307,"","","","","","","","","","","","","",2812.349708,41.710584000000004,516593,0,0,0,0,2311,2311,"",0,"",95380,931,1297,1297,367,627,2291,"e8fee8f06c9506cb80bece8c842213ee92c42d2fa6afd1585ab36840350694de","","","","","","",""
"peritext","multi-epoch-rich","peritext-sided-embed-rga","none","bulk",2307,"","","","","","","","","","","","","",3188.8336249999998,62.298415,550351,0,0,0,0,2311,2311,"",0,"",98683,931,1297,1297,367,627,1297,"5f46c09d8fcbe2ab6cb7fd482c1422626005d324b9b5f0462ef912dd83ecf881","","","","","","",""
"peritext","multi-epoch-rich","peritext-embed-rga","none","freq",327,"","","","","","","","","","","","","",44.70012499999999,14.665708,69338,0,0,0,0,331,331,"",0,"",3107,212,249,249,38,40,249,"c0aea32387d026915ab898ea3e9cdc15ec29f87ecb71aecee9f557009c0cb2ba","","","","","","",""
"peritext","multi-epoch-rich","peritext-rga","none","freq",327,"","","","","","","","","","","","","",42.5895,13.800083,69338,0,0,0,0,331,331,"",0,"",7391,212,249,249,38,40,327,"c0aea32387d026915ab898ea3e9cdc15ec29f87ecb71aecee9f557009c0cb2ba","","","","","","",""
"peritext","multi-epoch-rich","peritext-sided-embed-rga","none","freq",327,"","","","","","","","","","","","","",50.982292,16.126626,75685,0,0,0,0,331,331,"",0,"",7450,212,249,249,38,40,249,"c0aea32387d026915ab898ea3e9cdc15ec29f87ecb71aecee9f557009c0cb2ba","","","","","","",""
"peritext","multi-epoch-rich","peritext-embed-rga","text-state","bulk",2309,"","","","","","","","","","","","","",3289.981041,71.41949999999999,769358,0,13.525917000000002,2,0,2315,2316,"",0,"",44981,931,1091,1091,160,627,1219,"e8fee8f06c9506cb80bece8c842213ee92c42d2fa6afd1585ab36840350694de","","","","","","",""
"peritext","multi-epoch-rich","peritext-rga","text-state","bulk",2309,"","","","","","","","","","","","","",3328.770875,59.052794,733126,0,9.699249,2,0,2315,2316,"",0,"",94315,931,1219,1219,288,627,2134,"e8fee8f06c9506cb80bece8c842213ee92c42d2fa6afd1585ab36840350694de","","","","","","",""
"peritext","multi-epoch-rich","peritext-sided-embed-rga","text-state","bulk",2309,"","","","","","","","","","","","","",3506.0518330000004,89.354126,770754,0,13.644874999999999,2,0,2315,2316,"",0,"",96734,931,1091,1091,160,627,1281,"5f46c09d8fcbe2ab6cb7fd482c1422626005d324b9b5f0462ef912dd83ecf881","","","","","","",""
"peritext","multi-epoch-rich","peritext-embed-rga","text-state","freq",329,"","","","","","","","","","","","","",55.847042,20.080792,91524,0,3.972833,2,0,335,336,"",0,"",3314,212,218,218,6,40,245,"c0aea32387d026915ab898ea3e9cdc15ec29f87ecb71aecee9f557009c0cb2ba","","","","","","",""
"peritext","multi-epoch-rich","peritext-rga","text-state","freq",329,"","","","","","","","","","","","","",49.367042,17.479583,89889,0,2.199458,2,0,335,336,"",0,"",7341,212,245,245,33,40,318,"c0aea32387d026915ab898ea3e9cdc15ec29f87ecb71aecee9f557009c0cb2ba","","","","","","",""
"peritext","multi-epoch-rich","peritext-sided-embed-rga","text-state","freq",329,"","","","","","","","","","","","","",60.290583999999996,21.525124999999996,95725,0,3.5143329999999997,2,0,335,336,"",0,"",7200,212,218,218,6,40,249,"c0aea32387d026915ab898ea3e9cdc15ec29f87ecb71aecee9f557009c0cb2ba","","","","","","",""
"peritext","offline-rich","peritext-embed-rga","both","bulk",2501,"","","","","","","","","","","","","",4138.770541999999,45.146043000000006,697693,0,11.997459,0,0,2502,1,"",2502,"",50019,957,1121,1121,164,707,1266,"bd23b7ab3eb0f2046e950a00eb56c37398effc1ad44f4ca732259233ff090450","","","","","","",""
"peritext","offline-rich","peritext-rga","both","bulk",2501,"","","","","","","","","","","","","",4038.820333,39.471790999999996,680285,0,8.520791,0,0,2502,1,"",2502,"",105530,957,1266,1266,309,707,2282,"bd23b7ab3eb0f2046e950a00eb56c37398effc1ad44f4ca732259233ff090450","","","","","","",""
"peritext","offline-rich","peritext-sided-embed-rga","both","bulk",2501,"","","","","","","","","","","","","",4442.1710840000005,45.647542,718692,0,10.987917,0,0,2502,1,"",2502,"",108034,957,1121,1121,164,707,1361,"bd23b7ab3eb0f2046e950a00eb56c37398effc1ad44f4ca732259233ff090450","","","","","","",""
"peritext","offline-rich","peritext-embed-rga","both-delayed","bulk",2501,"","","","","","","","","","","","","",4360.810042,45.218792,697693,0,12.084708,0,0,2502,1,2503,2502,"",50019,957,1121,1121,164,707,1266,"bd23b7ab3eb0f2046e950a00eb56c37398effc1ad44f4ca732259233ff090450","","","","","","",""
"peritext","offline-rich","peritext-rga","both-delayed","bulk",2501,"","","","","","","","","","","","","",4253.844292000001,41.893667,680285,0,8.646625,0,0,2502,1,2503,2502,"",105530,957,1266,1266,309,707,2282,"bd23b7ab3eb0f2046e950a00eb56c37398effc1ad44f4ca732259233ff090450","","","","","","",""
"peritext","offline-rich","peritext-sided-embed-rga","both-delayed","bulk",2501,"","","","","","","","","","","","","",4436.634833,46.055583999999996,718692,0,11.151709,0,0,2502,1,2503,2502,"",108034,957,1121,1121,164,707,1361,"bd23b7ab3eb0f2046e950a00eb56c37398effc1ad44f4ca732259233ff090450","","","","","","",""
"peritext","offline-rich","peritext-embed-rga","both-delayed","freq",601,"","","","","","","","","","","","","",135.42374999999998,16.916667,159085,0,3.440875,0,0,602,1,603,602,"",9824,276,301,301,25,138,345,"c30459f359d0b9a98f70be15a9ecfb049b86aa76bb99e2b6a6801ffaea845b37","","","","","","",""
"peritext","offline-rich","peritext-rga","both-delayed","freq",601,"","","","","","","","","","","","","",129.444,15.925208,155613,0,2.124,0,0,602,1,603,602,"",21090,276,345,345,69,138,552,"c30459f359d0b9a98f70be15a9ecfb049b86aa76bb99e2b6a6801ffaea845b37","","","","","","",""
"peritext","offline-rich","peritext-sided-embed-rga","both-delayed","freq",601,"","","","","","","","","","","","","",148.023958,18.135624999999997,165282,0,3.18225,0,0,602,1,603,602,"",21320,276,301,301,25,138,367,"c30459f359d0b9a98f70be15a9ecfb049b86aa76bb99e2b6a6801ffaea845b37","","","","","","",""
"peritext","offline-rich","peritext-embed-rga","both","freq",601,"","","","","","","","","","","","","",135.51525,17.399876,159085,0,3.488708,0,0,602,1,"",602,"",9824,276,301,301,25,138,345,"c30459f359d0b9a98f70be15a9ecfb049b86aa76bb99e2b6a6801ffaea845b37","","","","","","",""
"peritext","offline-rich","peritext-rga","both","freq",601,"","","","","","","","","","","","","",126.24224999999998,16.061876,155613,0,2.144,0,0,602,1,"",602,"",21090,276,345,345,69,138,552,"c30459f359d0b9a98f70be15a9ecfb049b86aa76bb99e2b6a6801ffaea845b37","","","","","","",""
"peritext","offline-rich","peritext-sided-embed-rga","both","freq",601,"","","","","","","","","","","","","",146.159959,17.928456999999998,165282,0,3.422167,0,0,602,1,"",602,"",21320,276,301,301,25,138,367,"c30459f359d0b9a98f70be15a9ecfb049b86aa76bb99e2b6a6801ffaea845b37","","","","","","",""
"peritext","offline-rich","peritext-embed-rga","full-state","bulk",2501,"","","","","","","","","","","","","",4230.179125,43.930249,697693,0,12.267125,0,0,2502,2503,"",0,"",50019,957,1121,1121,164,707,1266,"bd23b7ab3eb0f2046e950a00eb56c37398effc1ad44f4ca732259233ff090450","","","","","","",""
"peritext","offline-rich","peritext-rga","full-state","bulk",2501,"","","","","","","","","","","","","",4151.043417,41.64337499999999,680285,0,8.314334,0,0,2502,2503,"",0,"",105530,957,1266,1266,309,707,2282,"bd23b7ab3eb0f2046e950a00eb56c37398effc1ad44f4ca732259233ff090450","","","","","","",""
"peritext","offline-rich","peritext-sided-embed-rga","full-state","bulk",2501,"","","","","","","","","","","","","",4425.353125000001,46.156625,718692,0,10.821458,0,0,2502,2503,"",0,"",108034,957,1121,1121,164,707,1361,"bd23b7ab3eb0f2046e950a00eb56c37398effc1ad44f4ca732259233ff090450","","","","","","",""
"peritext","offline-rich","peritext-embed-rga","full-state","freq",601,"","","","","","","","","","","","","",134.541583,17.262708,159085,0,3.577916,0,0,602,603,"",0,"",9824,276,301,301,25,138,345,"c30459f359d0b9a98f70be15a9ecfb049b86aa76bb99e2b6a6801ffaea845b37","","","","","","",""
"peritext","offline-rich","peritext-rga","full-state","freq",601,"","","","","","","","","","","","","",125.94133400000001,15.776501000000001,155613,0,2.098458,0,0,602,603,"",0,"",21090,276,345,345,69,138,552,"c30459f359d0b9a98f70be15a9ecfb049b86aa76bb99e2b6a6801ffaea845b37","","","","","","",""
"peritext","offline-rich","peritext-sided-embed-rga","full-state","freq",601,"","","","","","","","","","","","","",149.053583,17.52525,165282,0,3.124416,0,0,602,603,"",0,"",21320,276,301,301,25,138,367,"c30459f359d0b9a98f70be15a9ecfb049b86aa76bb99e2b6a6801ffaea845b37","","","","","","",""
"peritext","offline-rich","peritext-embed-rga","history","bulk",2501,"","","","","","","","","","","","","",4089.2549169999998,30.289959,563512,3.74675,0,0,0,2502,2,"",0,"",49688,957,1375,1375,419,707,1375,"bd23b7ab3eb0f2046e950a00eb56c37398effc1ad44f4ca732259233ff090450","","","","","","",""
"peritext","offline-rich","peritext-rga","history","bulk",2501,"","","","","","","","","","","","","",4110.95175,30.079790999999997,563512,3.827542,0,0,0,2502,2,"",0,"",107024,957,1375,1375,419,707,2501,"bd23b7ab3eb0f2046e950a00eb56c37398effc1ad44f4ca732259233ff090450","","","","","","",""
"peritext","offline-rich","peritext-sided-embed-rga","history","bulk",2501,"","","","","","","","","","","","","",4604.656958,30.607083,599415,3.726417,0,0,0,2502,2,"",0,"",110331,957,1375,1375,419,707,1375,"bd23b7ab3eb0f2046e950a00eb56c37398effc1ad44f4ca732259233ff090450","","","","","","",""
"peritext","offline-rich","peritext-embed-rga","history","freq",601,"","","","","","","","","","","","","",126.74804200000001,13.209166999999999,132029,1.365459,0,0,0,602,2,"",0,"",9622,276,369,369,94,138,369,"c30459f359d0b9a98f70be15a9ecfb049b86aa76bb99e2b6a6801ffaea845b37","","","","","","",""
"peritext","offline-rich","peritext-rga","history","freq",601,"","","","","","","","","","","","","",122.47554099999999,13.109917,132029,1.132542,0,0,0,602,2,"",0,"",21404,276,369,369,94,138,601,"c30459f359d0b9a98f70be15a9ecfb049b86aa76bb99e2b6a6801ffaea845b37","","","","","","",""
"peritext","offline-rich","peritext-sided-embed-rga","history","freq",601,"","","","","","","","","","","","","",141.079709,14.004417,141468,1.128708,0,0,0,602,2,"",0,"",21894,276,369,369,94,138,369,"c30459f359d0b9a98f70be15a9ecfb049b86aa76bb99e2b6a6801ffaea845b37","","","","","","",""
"peritext","offline-rich","peritext-embed-rga","none","bulk",2501,"","","","","","","","","","","","","",4102.045417,30.461125000000003,563512,0,0,0,0,2502,2502,"",0,"",49688,957,1375,1375,419,707,1375,"bd23b7ab3eb0f2046e950a00eb56c37398effc1ad44f4ca732259233ff090450","","","","","","",""
"peritext","offline-rich","peritext-rga","none","bulk",2501,"","","","","","","","","","","","","",4067.9127089999997,31.206292,563512,0,0,0,0,2502,2502,"",0,"",107024,957,1375,1375,419,707,2501,"bd23b7ab3eb0f2046e950a00eb56c37398effc1ad44f4ca732259233ff090450","","","","","","",""
"peritext","offline-rich","peritext-sided-embed-rga","none","bulk",2501,"","","","","","","","","","","","","",4515.396958,32.05925,599415,0,0,0,0,2502,2502,"",0,"",110331,957,1375,1375,419,707,1375,"bd23b7ab3eb0f2046e950a00eb56c37398effc1ad44f4ca732259233ff090450","","","","","","",""
"peritext","offline-rich","peritext-embed-rga","none","freq",601,"","","","","","","","","","","","","",124.476125,13.218375,132029,0,0,0,0,602,602,"",0,"",9622,276,369,369,94,138,369,"c30459f359d0b9a98f70be15a9ecfb049b86aa76bb99e2b6a6801ffaea845b37","","","","","","",""
"peritext","offline-rich","peritext-rga","none","freq",601,"","","","","","","","","","","","","",124.617042,12.997917000000001,132029,0,0,0,0,602,602,"",0,"",21404,276,369,369,94,138,601,"c30459f359d0b9a98f70be15a9ecfb049b86aa76bb99e2b6a6801ffaea845b37","","","","","","",""
"peritext","offline-rich","peritext-sided-embed-rga","none","freq",601,"","","","","","","","","","","","","",138.91804199999999,13.811,141468,0,0,0,0,602,602,"",0,"",21894,276,369,369,94,138,369,"c30459f359d0b9a98f70be15a9ecfb049b86aa76bb99e2b6a6801ffaea845b37","","","","","","",""
"peritext","offline-rich","peritext-embed-rga","text-state","bulk",2501,"","","","","","","","","","","","","",4122.110834,44.202417000000004,697693,0,9.581083,0,0,2502,2503,"",0,"",50019,957,1121,1121,164,707,1266,"bd23b7ab3eb0f2046e950a00eb56c37398effc1ad44f4ca732259233ff090450","","","","","","",""
"peritext","offline-rich","peritext-rga","text-state","bulk",2501,"","","","","","","","","","","","","",4155.769375,40.054666999999995,680285,0,5.563292,0,0,2502,2503,"",0,"",105530,957,1266,1266,309,707,2282,"bd23b7ab3eb0f2046e950a00eb56c37398effc1ad44f4ca732259233ff090450","","","","","","",""
"peritext","offline-rich","peritext-sided-embed-rga","text-state","bulk",2501,"","","","","","","","","","","","","",4442.192542,46.75966699999999,718692,0,8.273584,0,0,2502,2503,"",0,"",108034,957,1121,1121,164,707,1361,"bd23b7ab3eb0f2046e950a00eb56c37398effc1ad44f4ca732259233ff090450","","","","","","",""
"peritext","offline-rich","peritext-embed-rga","text-state","freq",601,"","","","","","","","","","","","","",132.21058299999999,17.216874,159085,0,3.416209,0,0,602,603,"",0,"",9824,276,301,301,25,138,345,"c30459f359d0b9a98f70be15a9ecfb049b86aa76bb99e2b6a6801ffaea845b37","","","","","","",""
"peritext","offline-rich","peritext-rga","text-state","freq",601,"","","","","","","","","","","","","",125.42974999999998,15.701666,155613,0,1.870292,0,0,602,603,"",0,"",21090,276,345,345,69,138,552,"c30459f359d0b9a98f70be15a9ecfb049b86aa76bb99e2b6a6801ffaea845b37","","","","","","",""
"peritext","offline-rich","peritext-sided-embed-rga","text-state","freq",601,"","","","","","","","","","","","","",150.02925,17.913501,165282,0,2.874709,0,0,602,603,"",0,"",21320,276,301,301,25,138,367,"c30459f359d0b9a98f70be15a9ecfb049b86aa76bb99e2b6a6801ffaea845b37","","","","","","",""
