suite,workload,system,mode,preset,operations,finalChars,finalPrimarySaveBytes,retainedHeapBytes,syncTotalMs,syncMedianUs,syncP95Us,syncPayloadBytes,localOpMeanUs,primarySaveBytes,runtimeGcMs,elapsedMs,syncMs,syncBytes,historyGcMs,stateGcMs,intermediateEpochs,intermediatePruned,commitsBeforeFinalGc,commitsAfter,commitsWhileAwaitingAck,epochPruned,epochPruneReason,durableStateBytes,visibleChars,shadowRecords,deletedIds,markRecords,coordinateSymbols,renderDigest,historyDropped,applyTotalMs,applyMedianUs,applyP95Us
"plain-text","delete-churn","automerge","","",19200,1200,60737,800864,"","","","","","","","","","","","","","","","","","","","","","","","","","","","","",""
"plain-text","delete-churn","listpositions","","",19200,1200,436314,1787152,"","","","","","","","","","","","","","","","","","","","","","","","","","","","","",""
"plain-text","delete-churn","loro","","",19200,1200,79679,337648,"","","","","","","","","","","","","","","","","","","","","","","","","","","","","",""
"plain-text","delete-churn","sal-shared","","",19200,1200,19339,795048,"","","","","","","","","","","","","","","","","","","","","","","","","","","","","",""
"plain-text","delete-churn","sal","","",19200,1200,12098,826288,"","","","","","","","","","","","","","","","","","","","","","","","","","","","","",""
"plain-text","delete-churn","yjs","","",19200,1200,165395,2839560,"","","","","","","","","","","","","","","","","","","","","","","","","","","","","",""
"plain-text","concurrent","automerge","","bulk",6000,3604,"","",108.594208,18479.5,19310.708,"",31.194298833333335,24774,"","","","","","","","","","","","","","","","","","","","","","","",""
"plain-text","concurrent","automerge","","freq",3000,1804,"","",119.598536,1849.375,2204.458,"",35.38718,12693,"","","","","","","","","","","","","","","","","","","","","","","",""
"plain-text","concurrent","listpositions","","bulk",6000,3604,"","",4.465166,783.375,1066.375,759765,2.0866806666666666,354249,"","","","","","","","","","","","","","","","","","","","","","","",""
"plain-text","concurrent","listpositions","","freq",3000,1804,"","",2.605414,35.041,96.334,395480,2.481487,196862,"","","","","","","","","","","","","","","","","","","","","","","",""
"plain-text","concurrent","loro","","bulk",6000,3604,"","",101.030583,17561.167,22506.666,28515,2.336354333333334,39130,"","","","","","","","","","","","","","","","","","","","","","","",""
"plain-text","concurrent","loro","","freq",3000,1804,"","",385.897205,6401.833,11648.042,26231,3.186985333333332,19642,"","","","","","","","","","","","","","","","","","","","","","","",""
"plain-text","concurrent","sal","","bulk",6000,3604,"","",5.445291,884.791,1130.833,729153,19.063041833333333,19699,2.928041,"","","","","","","","","","","","","","","","","","","","","","",""
"plain-text","concurrent","sal","","freq",3000,1804,"","",7.335049,118.875,182.25,363382,2.618554666666666,9191,1.7880859999999996,"","","","","","","","","","","","","","","","","","","","","","",""
"plain-text","concurrent","sal-shared","","bulk",6000,3604,"","",7.944795,1350.709,1651.584,729153,18.8092355,31796,2.915543,"","","","","","","","","","","","","","","","","","","","","","",""
"plain-text","concurrent","sal-shared","","freq",3000,1804,"","",15.490333,257.58399999999995,434.25,363382,2.5815559999999986,15511,1.7527460000000001,"","","","","","","","","","","","","","","","","","","","","","",""
"plain-text","concurrent","yjs","","bulk",6000,3604,"","",7.4185,1154.291,2888.583,92528,3.329,80605,"","","","","","","","","","","","","","","","","","","","","","","",""
"plain-text","concurrent","yjs","","freq",3000,1804,"","",7.677254,96.458,277.25,99149,4.127361666666667,39733,"","","","","","","","","","","","","","","","","","","","","","","",""
"peritext","concurrent-rich","sal-peritext-shared","both","bulk",4101,"","","","","","","","","","",14112.725625,98.60775000000001,1193433,0,25.657209,0,0,4108,1,"",4108,"",95438,1051,1502,451,1426,1608,"2d5e7f8a09377b47880dc5510be919cf38d7f40aeacd9ac8c52bae2babf6691d","","","",""
"peritext","concurrent-rich","sal-peritext","both","bulk",4101,"","","","","","","","","","",19162.496916,93.364167,1161249,0,24.018458,0,0,4108,1,"",4108,"",84620,1051,1502,451,1426,32607,"2d5e7f8a09377b47880dc5510be919cf38d7f40aeacd9ac8c52bae2babf6691d","","","",""
"peritext","concurrent-rich","sal-peritext-shared","both-delayed","bulk",4101,"","","","","","","","","","",13949.78225,97.72341699999998,1193433,0,25.974458,0,0,4108,1,4109,4108,"",95438,1051,1502,451,1426,1608,"2d5e7f8a09377b47880dc5510be919cf38d7f40aeacd9ac8c52bae2babf6691d","","","",""
"peritext","concurrent-rich","sal-peritext","both-delayed","bulk",4101,"","","","","","","","","","",19238.662667,91.27758299999999,1161249,0,24.319792,0,0,4108,1,4109,4108,"",84620,1051,1502,451,1426,32607,"2d5e7f8a09377b47880dc5510be919cf38d7f40aeacd9ac8c52bae2babf6691d","","","",""
"peritext","concurrent-rich","sal-peritext-shared","both-delayed","freq",1401,"","","","","","","","","","",815.035292,77.02441499999999,402827,0,7.913708,0,0,1432,1,1433,1432,"",31310,311,469,158,496,512,"682dc18acbe938ee5a2c27f4911af0e6bd0e7bba097a7142bc66a166dfc1120a","","","",""
"peritext","concurrent-rich","sal-peritext","both-delayed","freq",1401,"","","","","","","","","","",1253.14775,73.29409,393406,0,7.080917,0,0,1432,1,1433,1432,"",28028,311,469,158,496,8249,"682dc18acbe938ee5a2c27f4911af0e6bd0e7bba097a7142bc66a166dfc1120a","","","",""
"peritext","concurrent-rich","sal-peritext-shared","both","freq",1401,"","","","","","","","","","",807.840084,76.12533600000002,402827,0,8.632333,0,0,1432,1,"",1432,"",31310,311,469,158,496,512,"682dc18acbe938ee5a2c27f4911af0e6bd0e7bba097a7142bc66a166dfc1120a","","","",""
"peritext","concurrent-rich","sal-peritext","both","freq",1401,"","","","","","","","","","",1248.678625,72.98166799999997,393406,0,6.92775,0,0,1432,1,"",1432,"",28028,311,469,158,496,8249,"682dc18acbe938ee5a2c27f4911af0e6bd0e7bba097a7142bc66a166dfc1120a","","","",""
"peritext","concurrent-rich","sal-peritext-shared","full-state","bulk",4101,"","","","","","","","","","",13977.03875,97.859709,1193433,0,25.822709,0,0,4108,4109,"",0,"",95438,1051,1502,451,1426,1608,"2d5e7f8a09377b47880dc5510be919cf38d7f40aeacd9ac8c52bae2babf6691d","","","",""
"peritext","concurrent-rich","sal-peritext","full-state","bulk",4101,"","","","","","","","","","",19258.929208,94.706126,1161249,0,24.771375,0,0,4108,4109,"",0,"",84620,1051,1502,451,1426,32607,"2d5e7f8a09377b47880dc5510be919cf38d7f40aeacd9ac8c52bae2babf6691d","","","",""
"peritext","concurrent-rich","sal-peritext-shared","full-state","freq",1401,"","","","","","","","","","",833.402917,79.991414,402827,0,7.614292,0,0,1432,1433,"",0,"",31310,311,469,158,496,512,"682dc18acbe938ee5a2c27f4911af0e6bd0e7bba097a7142bc66a166dfc1120a","","","",""
"peritext","concurrent-rich","sal-peritext","full-state","freq",1401,"","","","","","","","","","",1265.2517500000001,72.65245800000001,393406,0,8.024292,0,0,1432,1433,"",0,"",28028,311,469,158,496,8249,"682dc18acbe938ee5a2c27f4911af0e6bd0e7bba097a7142bc66a166dfc1120a","","","",""
"peritext","concurrent-rich","sal-peritext-shared","history","bulk",4101,"","","","","","","","","","",13392.911624999999,44.014542,942659,46.334667,0,0,0,603,3,"",0,"",96378,1051,1844,794,1428,1844,"2d5e7f8a09377b47880dc5510be919cf38d7f40aeacd9ac8c52bae2babf6691d","","","",""
"peritext","concurrent-rich","sal-peritext","history","bulk",4101,"","","","","","","","","","",19373.640041,39.630417,942659,46.102,0,0,0,603,3,"",0,"",90340,1051,1844,794,1428,162061,"2d5e7f8a09377b47880dc5510be919cf38d7f40aeacd9ac8c52bae2babf6691d","","","",""
"peritext","concurrent-rich","sal-peritext-shared","history","freq",1401,"","","","","","","","","","",672.18625,23.114748,319856,14.89784,0,0,0,43,3,"",0,"",31811,311,604,294,498,604,"682dc18acbe938ee5a2c27f4911af0e6bd0e7bba097a7142bc66a166dfc1120a","","","",""
"peritext","concurrent-rich","sal-peritext","history","freq",1401,"","","","","","","","","","",1123.117667,20.481876000000003,319856,14.819624000000003,0,0,0,43,3,"",0,"",29851,311,604,294,498,38625,"682dc18acbe938ee5a2c27f4911af0e6bd0e7bba097a7142bc66a166dfc1120a","","","",""
"peritext","concurrent-rich","sal-peritext-shared","none","bulk",4101,"","","","","","","","","","",13003.764667,67.525206,942659,0,0,0,0,4108,4108,"",0,"",96378,1051,1844,794,1428,1844,"2d5e7f8a09377b47880dc5510be919cf38d7f40aeacd9ac8c52bae2babf6691d","","","",""
"peritext","concurrent-rich","sal-peritext","none","bulk",4101,"","","","","","","","","","",19093.619125,65.822709,942659,0,0,0,0,4108,4108,"",0,"",90340,1051,1844,794,1428,162061,"2d5e7f8a09377b47880dc5510be919cf38d7f40aeacd9ac8c52bae2babf6691d","","","",""
"peritext","concurrent-rich","sal-peritext-shared","none","freq",1401,"","","","","","","","","","",789.0244590000001,67.355041,319856,0,0,0,0,1432,1432,"",0,"",31811,311,604,294,498,604,"682dc18acbe938ee5a2c27f4911af0e6bd0e7bba097a7142bc66a166dfc1120a","","","",""
"peritext","concurrent-rich","sal-peritext","none","freq",1401,"","","","","","","","","","",1241.597459,64.722666,319856,0,0,0,0,1432,1432,"",0,"",29851,311,604,294,498,38625,"682dc18acbe938ee5a2c27f4911af0e6bd0e7bba097a7142bc66a166dfc1120a","","","",""
"peritext","concurrent-rich","sal-peritext-shared","text-state","bulk",4101,"","","","","","","","","","",13349.133958,97.45037399999998,1193680,0,16.394042,0,0,4108,4109,"",0,"",95531,1051,1502,451,1428,1608,"2d5e7f8a09377b47880dc5510be919cf38d7f40aeacd9ac8c52bae2babf6691d","","","",""
"peritext","concurrent-rich","sal-peritext","text-state","bulk",4101,"","","","","","","","","","",18945.904415999998,91.34787700000001,1161496,0,14.696833,0,0,4108,4109,"",0,"",84713,1051,1502,451,1428,32607,"2d5e7f8a09377b47880dc5510be919cf38d7f40aeacd9ac8c52bae2babf6691d","","","",""
"peritext","concurrent-rich","sal-peritext-shared","text-state","freq",1401,"","","","","","","","","","",830.544666,78.08420800000002,403074,0,5.972375,0,0,1432,1433,"",0,"",31403,311,469,158,498,512,"682dc18acbe938ee5a2c27f4911af0e6bd0e7bba097a7142bc66a166dfc1120a","","","",""
"peritext","concurrent-rich","sal-peritext","text-state","freq",1401,"","","","","","","","","","",1234.1417920000001,71.81146100000001,393653,0,5.096792,0,0,1432,1433,"",0,"",28121,311,469,158,498,8249,"682dc18acbe938ee5a2c27f4911af0e6bd0e7bba097a7142bc66a166dfc1120a","","","",""
"peritext","empty-rich","sal-peritext-shared","both","bulk",1202,"","","","","","","","","","",321.51208299999996,14.129458,257065,0,9.398708,0,0,1203,1,"",1203,"",9,0,0,0,0,0,"4f53cda18c2baa0c0354bb5f9a3ecbe5ed12ab4d8e11ba873c2f11161202b945","","","",""
"peritext","empty-rich","sal-peritext","both","bulk",1202,"","","","","","","","","","",411.563625,11.089833999999998,257071,0,3.448,0,0,1203,1,"",1203,"",9,0,0,0,0,0,"4f53cda18c2baa0c0354bb5f9a3ecbe5ed12ab4d8e11ba873c2f11161202b945","","","",""
"peritext","empty-rich","sal-peritext-shared","both-delayed","bulk",1202,"","","","","","","","","","",322.96524999999997,14.151831999999999,257065,0,7.653542,0,0,1203,1,1204,1203,"",9,0,0,0,0,0,"4f53cda18c2baa0c0354bb5f9a3ecbe5ed12ab4d8e11ba873c2f11161202b945","","","",""
"peritext","empty-rich","sal-peritext","both-delayed","bulk",1202,"","","","","","","","","","",416.30508299999997,11.227292000000002,257071,0,3.442334,0,0,1203,1,1204,1203,"",9,0,0,0,0,0,"4f53cda18c2baa0c0354bb5f9a3ecbe5ed12ab4d8e11ba873c2f11161202b945","","","",""
"peritext","empty-rich","sal-peritext-shared","both-delayed","freq",602,"","","","","","","","","","",115.467541,8.014834,137465,0,3.563875,0,0,603,1,604,603,"",9,0,0,0,0,0,"4f53cda18c2baa0c0354bb5f9a3ecbe5ed12ab4d8e11ba873c2f11161202b945","","","",""
"peritext","empty-rich","sal-peritext","both-delayed","freq",602,"","","","","","","","","","",129.152959,7.085376,137471,0,2.540458,0,0,603,1,604,603,"",9,0,0,0,0,0,"4f53cda18c2baa0c0354bb5f9a3ecbe5ed12ab4d8e11ba873c2f11161202b945","","","",""
"peritext","empty-rich","sal-peritext-shared","both","freq",602,"","","","","","","","","","",114.237833,7.973999000000001,137465,0,3.556,0,0,603,1,"",603,"",9,0,0,0,0,0,"4f53cda18c2baa0c0354bb5f9a3ecbe5ed12ab4d8e11ba873c2f11161202b945","","","",""
"peritext","empty-rich","sal-peritext","both","freq",602,"","","","","","","","","","",127.96616700000001,7.404126,137471,0,2.616833,0,0,603,1,"",603,"",9,0,0,0,0,0,"4f53cda18c2baa0c0354bb5f9a3ecbe5ed12ab4d8e11ba873c2f11161202b945","","","",""
"peritext","empty-rich","sal-peritext-shared","full-state","bulk",1202,"","","","","","","","","","",320.114208,14.277375,257065,0,7.80175,0,0,1203,1204,"",0,"",9,0,0,0,0,0,"4f53cda18c2baa0c0354bb5f9a3ecbe5ed12ab4d8e11ba873c2f11161202b945","","","",""
"peritext","empty-rich","sal-peritext","full-state","bulk",1202,"","","","","","","","","","",412.62762499999997,10.964625,257071,0,3.58475,0,0,1203,1204,"",0,"",9,0,0,0,0,0,"4f53cda18c2baa0c0354bb5f9a3ecbe5ed12ab4d8e11ba873c2f11161202b945","","","",""
"peritext","empty-rich","sal-peritext-shared","full-state","freq",602,"","","","","","","","","","",113.627958,7.96825,137465,0,3.499292,0,0,603,604,"",0,"",9,0,0,0,0,0,"4f53cda18c2baa0c0354bb5f9a3ecbe5ed12ab4d8e11ba873c2f11161202b945","","","",""
"peritext","empty-rich","sal-peritext","full-state","freq",602,"","","","","","","","","","",125.141042,7.033042999999999,137471,0,2.610542,0,0,603,604,"",0,"",9,0,0,0,0,0,"4f53cda18c2baa0c0354bb5f9a3ecbe5ed12ab4d8e11ba873c2f11161202b945","","","",""
"peritext","empty-rich","sal-peritext-shared","history","bulk",1202,"","","","","","","","","","",321.554292,8.626292000000001,252201,1.859667,0,0,0,1203,3,"",0,"",13970,0,500,501,200,500,"4f53cda18c2baa0c0354bb5f9a3ecbe5ed12ab4d8e11ba873c2f11161202b945","","","",""
"peritext","empty-rich","sal-peritext","history","bulk",1202,"","","","","","","","","","",435.03662499999996,8.703499,252201,1.836458,0,0,0,1203,3,"",0,"",13468,0,500,501,200,125250,"4f53cda18c2baa0c0354bb5f9a3ecbe5ed12ab4d8e11ba873c2f11161202b945","","","",""
"peritext","empty-rich","sal-peritext-shared","history","freq",602,"","","","","","","","","","",112.82162500000001,5.7938339999999995,135001,1.124375,0,0,0,603,3,"",0,"",12170,0,200,201,200,200,"4f53cda18c2baa0c0354bb5f9a3ecbe5ed12ab4d8e11ba873c2f11161202b945","","","",""
"peritext","empty-rich","sal-peritext","history","freq",602,"","","","","","","","","","",130.362292,5.567168,135001,1.087916,0,0,0,603,3,"",0,"",11968,0,200,201,200,20100,"4f53cda18c2baa0c0354bb5f9a3ecbe5ed12ab4d8e11ba873c2f11161202b945","","","",""
"peritext","empty-rich","sal-peritext-shared","none","bulk",1202,"","","","","","","","","","",317.690708,8.742499,252201,0,0,0,0,1203,1203,"",0,"",13970,0,500,501,200,500,"4f53cda18c2baa0c0354bb5f9a3ecbe5ed12ab4d8e11ba873c2f11161202b945","","","",""
"peritext","empty-rich","sal-peritext","none","bulk",1202,"","","","","","","","","","",424.082208,8.942624999999998,252201,0,0,0,0,1203,1203,"",0,"",13468,0,500,501,200,125250,"4f53cda18c2baa0c0354bb5f9a3ecbe5ed12ab4d8e11ba873c2f11161202b945","","","",""
"peritext","empty-rich","sal-peritext-shared","none","freq",602,"","","","","","","","","","",112.18087500000001,5.572042999999999,135001,0,0,0,0,603,603,"",0,"",12170,0,200,201,200,200,"4f53cda18c2baa0c0354bb5f9a3ecbe5ed12ab4d8e11ba873c2f11161202b945","","","",""
"peritext","empty-rich","sal-peritext","none","freq",602,"","","","","","","","","","",127.61500000000001,5.608210000000001,135001,0,0,0,0,603,603,"",0,"",11968,0,200,201,200,20100,"4f53cda18c2baa0c0354bb5f9a3ecbe5ed12ab4d8e11ba873c2f11161202b945","","","",""
"peritext","empty-rich","sal-peritext-shared","text-state","bulk",1202,"","","","","","","","","","",338.22945799999997,24.784125,285331,0,12.414792,0,0,1203,1204,"",0,"",12176,0,200,200,200,500,"4f53cda18c2baa0c0354bb5f9a3ecbe5ed12ab4d8e11ba873c2f11161202b945","","","",""
"peritext","empty-rich","sal-peritext","text-state","bulk",1202,"","","","","","","","","","",436.92979199999996,19.483583,284769,0,8.342208,0,0,1203,1204,"",0,"",11970,0,200,200,200,50100,"4f53cda18c2baa0c0354bb5f9a3ecbe5ed12ab4d8e11ba873c2f11161202b945","","","",""
"peritext","empty-rich","sal-peritext-shared","text-state","freq",602,"","","","","","","","","","",127.292958,12.555874,165718,0,5.83575,0,0,603,604,"",0,"",12168,0,200,200,200,200,"4f53cda18c2baa0c0354bb5f9a3ecbe5ed12ab4d8e11ba873c2f11161202b945","","","",""
"peritext","empty-rich","sal-peritext","text-state","freq",602,"","","","","","","","","","",132.728959,5.554291,135001,0,3.036459,0,0,603,603,"",0,"",11968,0,200,201,200,20100,"4f53cda18c2baa0c0354bb5f9a3ecbe5ed12ab4d8e11ba873c2f11161202b945","","","",""
"peritext","format-trace","sal-peritext-shared","both","bulk",26752,"","","","","","","","","","",41304.233667,2477.450252,5957797,0,2207.746917,0,0,26753,1,"",26753,"",72182,21862,21869,7,173,22313,"0ceed9b076f7780a3a904d0ee1754ad9df7640baaf8ed9984ecda8fcb45d56b7","","","",""
"peritext","format-trace","sal-peritext","both","bulk",26752,"","","","","","","","","","",116750.59166600001,1675.022042,5850658,0,1230.923875,0,0,26753,1,"",26753,"",34831,21862,21869,7,173,19550504,"0ceed9b076f7780a3a904d0ee1754ad9df7640baaf8ed9984ecda8fcb45d56b7","","","",""
"peritext","format-trace","sal-peritext-shared","both-delayed","bulk",26752,"","","","","","","","","","",41082.240916999996,2400.469583,5957797,0,2212.182083,0,0,26753,1,26754,26753,"",72182,21862,21869,7,173,22313,"0ceed9b076f7780a3a904d0ee1754ad9df7640baaf8ed9984ecda8fcb45d56b7","","","",""
"peritext","format-trace","sal-peritext","both-delayed","bulk",26752,"","","","","","","","","","",114297.11675,1709.2854160000002,5850658,0,1306.209417,0,0,26753,1,26754,26753,"",34831,21862,21869,7,173,19550504,"0ceed9b076f7780a3a904d0ee1754ad9df7640baaf8ed9984ecda8fcb45d56b7","","","",""
"peritext","format-trace","sal-peritext-shared","both-delayed","freq",3221,"","","","","","","","","","",744.590625,142.610999,711445,0,113.993208,0,0,3222,1,3223,3222,"",8989,2994,2994,0,20,3008,"1b01cddf9611ad71ba110ddf87aad221814cc6c672eef5fdad8b7c94e6c2121c","","","",""
"peritext","format-trace","sal-peritext","both-delayed","freq",3221,"","","","","","","","","","",1090.3007089999999,105.607542,698103,0,71.814667,0,0,3222,1,3223,3222,"",4237,2994,2994,0,20,993504,"1b01cddf9611ad71ba110ddf87aad221814cc6c672eef5fdad8b7c94e6c2121c","","","",""
"peritext","format-trace","sal-peritext-shared","both","freq",3221,"","","","","","","","","","",747.545875,142.723918,711445,0,114.392166,0,0,3222,1,"",3222,"",8989,2994,2994,0,20,3008,"1b01cddf9611ad71ba110ddf87aad221814cc6c672eef5fdad8b7c94e6c2121c","","","",""
"peritext","format-trace","sal-peritext","both","freq",3221,"","","","","","","","","","",1098.893166,105.94829099999998,698103,0,70.524542,0,0,3222,1,"",3222,"",4237,2994,2994,0,20,993504,"1b01cddf9611ad71ba110ddf87aad221814cc6c672eef5fdad8b7c94e6c2121c","","","",""
"peritext","format-trace","sal-peritext-shared","full-state","bulk",26752,"","","","","","","","","","",40738.551125,2431.579833,5957797,0,2277.969958,0,0,26753,26754,"",0,"",72182,21862,21869,7,173,22313,"0ceed9b076f7780a3a904d0ee1754ad9df7640baaf8ed9984ecda8fcb45d56b7","","","",""
"peritext","format-trace","sal-peritext","full-state","bulk",26752,"","","","","","","","","","",114654.15370899999,1738.571543,5850658,0,1375.10325,0,0,26753,26754,"",0,"",34831,21862,21869,7,173,19550504,"0ceed9b076f7780a3a904d0ee1754ad9df7640baaf8ed9984ecda8fcb45d56b7","","","",""
"peritext","format-trace","sal-peritext-shared","full-state","freq",3221,"","","","","","","","","","",740.196791,136.14737499999998,711445,0,115.382792,0,0,3222,3223,"",0,"",8989,2994,2994,0,20,3008,"1b01cddf9611ad71ba110ddf87aad221814cc6c672eef5fdad8b7c94e6c2121c","","","",""
"peritext","format-trace","sal-peritext","full-state","freq",3221,"","","","","","","","","","",1084.9875,107.38741499999999,698103,0,73.99975,0,0,3222,3223,"",0,"",4237,2994,2994,0,20,993504,"1b01cddf9611ad71ba110ddf87aad221814cc6c672eef5fdad8b7c94e6c2121c","","","",""
"peritext","format-trace","sal-peritext-shared","history","bulk",26752,"","","","","","","","","","",36373.446583,184.695042,5615642,37.991875,0,0,0,26753,2,"",0,"",91121,21862,24220,2359,173,24220,"0ceed9b076f7780a3a904d0ee1754ad9df7640baaf8ed9984ecda8fcb45d56b7","","","",""
"peritext","format-trace","sal-peritext","history","bulk",26752,"","","","","","","","","","",112968.361833,177.870792,5615642,37.549,0,0,0,26753,2,"",0,"",59118,21862,24220,2359,173,38796462,"0ceed9b076f7780a3a904d0ee1754ad9df7640baaf8ed9984ecda8fcb45d56b7","","","",""
"peritext","format-trace","sal-peritext-shared","history","freq",3221,"","","","","","","","","","",526.654292,22.136333999999998,671995,5.039292,0,0,0,3222,2,"",0,"",10002,2994,3097,104,20,3097,"1b01cddf9611ad71ba110ddf87aad221814cc6c672eef5fdad8b7c94e6c2121c","","","",""
"peritext","format-trace","sal-peritext","history","freq",3221,"","","","","","","","","","",987.6797090000001,22.785332999999998,671995,4.708292,0,0,0,3222,2,"",0,"",5932,2994,3097,104,20,1914787,"1b01cddf9611ad71ba110ddf87aad221814cc6c672eef5fdad8b7c94e6c2121c","","","",""
"peritext","format-trace","sal-peritext-shared","none","bulk",26752,"","","","","","","","","","",36239.75925,174.94916600000002,5615642,0,0,0,0,26753,26753,"",0,"",91121,21862,24220,2359,173,24220,"0ceed9b076f7780a3a904d0ee1754ad9df7640baaf8ed9984ecda8fcb45d56b7","","","",""
"peritext","format-trace","sal-peritext","none","bulk",26752,"","","","","","","","","","",113881.30254199999,175.411792,5615642,0,0,0,0,26753,26753,"",0,"",59118,21862,24220,2359,173,38796462,"0ceed9b076f7780a3a904d0ee1754ad9df7640baaf8ed9984ecda8fcb45d56b7","","","",""
"peritext","format-trace","sal-peritext-shared","none","freq",3221,"","","","","","","","","","",498.21362500000004,21.690790999999997,671995,0,0,0,0,3222,3222,"",0,"",10002,2994,3097,104,20,3097,"1b01cddf9611ad71ba110ddf87aad221814cc6c672eef5fdad8b7c94e6c2121c","","","",""
"peritext","format-trace","sal-peritext","none","freq",3221,"","","","","","","","","","",973.130084,22.587457999999998,671995,0,0,0,0,3222,3222,"",0,"",5932,2994,3097,104,20,1914787,"1b01cddf9611ad71ba110ddf87aad221814cc6c672eef5fdad8b7c94e6c2121c","","","",""
"peritext","format-trace","sal-peritext-shared","text-state","bulk",26752,"","","","","","","","","","",40543.309792,2428.964915,5957797,0,2136.442917,0,0,26753,26754,"",0,"",72182,21862,21869,7,173,22313,"0ceed9b076f7780a3a904d0ee1754ad9df7640baaf8ed9984ecda8fcb45d56b7","","","",""
"peritext","format-trace","sal-peritext","text-state","bulk",26752,"","","","","","","","","","",113817.66070899999,1706.041,5850658,0,1264.26825,0,0,26753,26754,"",0,"",34831,21862,21869,7,173,19550504,"0ceed9b076f7780a3a904d0ee1754ad9df7640baaf8ed9984ecda8fcb45d56b7","","","",""
"peritext","format-trace","sal-peritext-shared","text-state","freq",3221,"","","","","","","","","","",745.40675,137.723959,711445,0,114.392959,0,0,3222,3223,"",0,"",8989,2994,2994,0,20,3008,"1b01cddf9611ad71ba110ddf87aad221814cc6c672eef5fdad8b7c94e6c2121c","","","",""
"peritext","format-trace","sal-peritext","text-state","freq",3221,"","","","","","","","","","",1116.194458,106.397458,698103,0,73.054583,0,0,3222,3223,"",0,"",4237,2994,2994,0,20,993504,"1b01cddf9611ad71ba110ddf87aad221814cc6c672eef5fdad8b7c94e6c2121c","","","",""
"peritext","mark-churn","sal-peritext-shared","both","bulk",4501,"","","","","","","","","","",43507.366292,375.037921,1283869,0,81.170208,0,0,4543,1,"",4543,"",1014,500,500,0,0,500,"9f82ca421da1741338b72e0a3c3d56a20d8a5c6407c4cf4629abae0486f4163d","","","",""
"peritext","mark-churn","sal-peritext","both","bulk",4501,"","","","","","","","","","",42706.648499999996,266.62208599999997,1282499,0,76.348459,0,0,4543,1,"",4543,"",512,500,500,0,0,125250,"9f82ca421da1741338b72e0a3c3d56a20d8a5c6407c4cf4629abae0486f4163d","","","",""
"peritext","mark-churn","sal-peritext-shared","both-delayed","bulk",4501,"","","","","","","","","","",43472.694666,366.6367460000001,1283869,0,82.041417,0,0,4543,1,4544,4543,"",1014,500,500,0,0,500,"9f82ca421da1741338b72e0a3c3d56a20d8a5c6407c4cf4629abae0486f4163d","","","",""
"peritext","mark-churn","sal-peritext","both-delayed","bulk",4501,"","","","","","","","","","",42475.334583,276.595249,1282499,0,75.230167,0,0,4543,1,4544,4543,"",512,500,500,0,0,125250,"9f82ca421da1741338b72e0a3c3d56a20d8a5c6407c4cf4629abae0486f4163d","","","",""
"peritext","mark-churn","sal-peritext-shared","both-delayed","freq",1001,"","","","","","","","","","",645.4145000000001,27.342457,275389,0,12.90475,0,0,1011,1,1012,1011,"",414,200,200,0,0,200,"c8a92515fc50b9932d775588106f7f2335c06aa412ed22a55479c5a692b74d7e","","","",""
"peritext","mark-churn","sal-peritext","both-delayed","freq",1001,"","","","","","","","","","",710.302208,26.263126,274836,0,12.544209,0,0,1011,1,1012,1011,"",212,200,200,0,0,20100,"c8a92515fc50b9932d775588106f7f2335c06aa412ed22a55479c5a692b74d7e","","","",""
"peritext","mark-churn","sal-peritext-shared","both","freq",1001,"","","","","","","","","","",641.357166,27.512376999999997,275389,0,11.716834,0,0,1011,1,"",1011,"",414,200,200,0,0,200,"c8a92515fc50b9932d775588106f7f2335c06aa412ed22a55479c5a692b74d7e","","","",""
"peritext","mark-churn","sal-peritext","both","freq",1001,"","","","","","","","","","",705.563166,26.501251000000003,274836,0,11.02225,0,0,1011,1,"",1011,"",212,200,200,0,0,20100,"c8a92515fc50b9932d775588106f7f2335c06aa412ed22a55479c5a692b74d7e","","","",""
"peritext","mark-churn","sal-peritext-shared","full-state","bulk",4501,"","","","","","","","","","",43341.642042,351.958002,1283869,0,78.906541,0,0,4543,4544,"",0,"",1014,500,500,0,0,500,"9f82ca421da1741338b72e0a3c3d56a20d8a5c6407c4cf4629abae0486f4163d","","","",""
"peritext","mark-churn","sal-peritext","full-state","bulk",4501,"","","","","","","","","","",42507.078625,285.537249,1282499,0,90.203,0,0,4543,4544,"",0,"",512,500,500,0,0,125250,"9f82ca421da1741338b72e0a3c3d56a20d8a5c6407c4cf4629abae0486f4163d","","","",""
"peritext","mark-churn","sal-peritext-shared","full-state","freq",1001,"","","","","","","","","","",649.034917,27.624253999999997,275389,0,12.780375,0,0,1011,1012,"",0,"",414,200,200,0,0,200,"c8a92515fc50b9932d775588106f7f2335c06aa412ed22a55479c5a692b74d7e","","","",""
"peritext","mark-churn","sal-peritext","full-state","freq",1001,"","","","","","","","","","",707.214,26.599668,274836,0,12.316375,0,0,1011,1012,"",0,"",212,200,200,0,0,20100,"c8a92515fc50b9932d775588106f7f2335c06aa412ed22a55479c5a692b74d7e","","","",""
"peritext","mark-churn","sal-peritext-shared","history","bulk",4501,"","","","","","","","","","",43377.620500000005,288.05087399999996,1259480,5.786292,0,0,0,4543,3,"",0,"",238156,500,500,1,4000,500,"9f82ca421da1741338b72e0a3c3d56a20d8a5c6407c4cf4629abae0486f4163d","","","",""
"peritext","mark-churn","sal-peritext","history","bulk",4501,"","","","","","","","","","",42157.880165999995,206.86278800000002,1259480,6.009791,0,0,0,4543,3,"",0,"",237654,500,500,1,4000,125250,"9f82ca421da1741338b72e0a3c3d56a20d8a5c6407c4cf4629abae0486f4163d","","","",""
"peritext","mark-churn","sal-peritext-shared","history","freq",1001,"","","","","","","","","","",639.536416,19.720123,270117,1.421083,0,0,0,1011,3,"",0,"",45358,200,200,1,800,200,"c8a92515fc50b9932d775588106f7f2335c06aa412ed22a55479c5a692b74d7e","","","",""
"peritext","mark-churn","sal-peritext","history","freq",1001,"","","","","","","","","","",698.2331250000001,18.474082,270117,1.495292,0,0,0,1011,3,"",0,"",45156,200,200,1,800,20100,"c8a92515fc50b9932d775588106f7f2335c06aa412ed22a55479c5a692b74d7e","","","",""
"peritext","mark-churn","sal-peritext-shared","none","bulk",4501,"","","","","","","","","","",43233.321208,287.24470600000006,1259480,0,0,0,0,4543,4543,"",0,"",238156,500,500,1,4000,500,"9f82ca421da1741338b72e0a3c3d56a20d8a5c6407c4cf4629abae0486f4163d","","","",""
"peritext","mark-churn","sal-peritext","none","bulk",4501,"","","","","","","","","","",42500.121332999996,197.28207900000004,1259480,0,0,0,0,4543,4543,"",0,"",237654,500,500,1,4000,125250,"9f82ca421da1741338b72e0a3c3d56a20d8a5c6407c4cf4629abae0486f4163d","","","",""
"peritext","mark-churn","sal-peritext-shared","none","freq",1001,"","","","","","","","","","",637.9690830000001,20.010167,270117,0,0,0,0,1011,1011,"",0,"",45358,200,200,1,800,200,"c8a92515fc50b9932d775588106f7f2335c06aa412ed22a55479c5a692b74d7e","","","",""
"peritext","mark-churn","sal-peritext","none","freq",1001,"","","","","","","","","","",694.256792,17.9055,270117,0,0,0,0,1011,1011,"",0,"",45156,200,200,1,800,20100,"c8a92515fc50b9932d775588106f7f2335c06aa412ed22a55479c5a692b74d7e","","","",""
"peritext","mark-churn","sal-peritext-shared","text-state","bulk",4501,"","","","","","","","","","",43562.423375,378.667583,1829010,0,29.245583,0,0,4543,4544,"",0,"",238155,500,500,0,4000,500,"9f82ca421da1741338b72e0a3c3d56a20d8a5c6407c4cf4629abae0486f4163d","","","",""
"peritext","mark-churn","sal-peritext","text-state","bulk",4501,"","","","","","","","","","",42537.816125000005,197.532249,1259480,0,13.940666,0,0,4543,4543,"",0,"",237654,500,500,1,4000,125250,"9f82ca421da1741338b72e0a3c3d56a20d8a5c6407c4cf4629abae0486f4163d","","","",""
"peritext","mark-churn","sal-peritext-shared","text-state","freq",1001,"","","","","","","","","","",651.4058329999999,33.906209000000004,381932,0,6.728459,0,0,1011,1012,"",0,"",45357,200,200,0,800,200,"c8a92515fc50b9932d775588106f7f2335c06aa412ed22a55479c5a692b74d7e","","","",""
"peritext","mark-churn","sal-peritext","text-state","freq",1001,"","","","","","","","","","",693.817666,18.482291999999998,270117,0,3.441334,0,0,1011,1011,"",0,"",45156,200,200,1,800,20100,"c8a92515fc50b9932d775588106f7f2335c06aa412ed22a55479c5a692b74d7e","","","",""
"peritext","marked-delete-churn","sal-peritext-shared","both","bulk",2101,"","","","","","","","","","",1422.5705420000002,33.836332999999996,687875,0,27.747709,0,0,2102,1,"",2102,"",67502,100,488,388,1200,500,"d34d6f5f4f6cdd4041883b5786aeec0e4a8f1b01e19506b407d7fb3439cead75","","","",""
"peritext","marked-delete-churn","sal-peritext","both","bulk",2101,"","","","","","","","","","",2121.576542,33.687916,686378,0,21.638708,0,0,2102,1,"",2102,"",66956,100,488,388,1200,122879,"d34d6f5f4f6cdd4041883b5786aeec0e4a8f1b01e19506b407d7fb3439cead75","","","",""
"peritext","marked-delete-churn","sal-peritext-shared","both-delayed","bulk",2101,"","","","","","","","","","",1424.310834,33.91525,687875,0,27.53775,0,0,2102,1,2103,2102,"",67502,100,488,388,1200,500,"d34d6f5f4f6cdd4041883b5786aeec0e4a8f1b01e19506b407d7fb3439cead75","","","",""
"peritext","marked-delete-churn","sal-peritext","both-delayed","bulk",2101,"","","","","","","","","","",2123.1215,32.540290999999996,686378,0,24.78,0,0,2102,1,2103,2102,"",66956,100,488,388,1200,122879,"d34d6f5f4f6cdd4041883b5786aeec0e4a8f1b01e19506b407d7fb3439cead75","","","",""
"peritext","marked-delete-churn","sal-peritext-shared","both-delayed","freq",601,"","","","","","","","","","",87.75470800000001,11.629750999999999,173324,0,6.280666,0,0,602,1,603,602,"",13524,40,167,127,240,200,"84b998b6b69f51d0bded6d49888ff66f0219f8321143ba10ebc7975bd970554d","","","",""
"peritext","marked-delete-churn","sal-peritext","both-delayed","freq",601,"","","","","","","","","","",110.57662499999999,11.132457,172493,0,5.691792,0,0,602,1,603,602,"",13220,40,167,127,240,17307,"84b998b6b69f51d0bded6d49888ff66f0219f8321143ba10ebc7975bd970554d","","","",""
"peritext","marked-delete-churn","sal-peritext-shared","both","freq",601,"","","","","","","","","","",86.27504100000002,10.609624,173324,0,6.295791,0,0,602,1,"",602,"",13524,40,167,127,240,200,"84b998b6b69f51d0bded6d49888ff66f0219f8321143ba10ebc7975bd970554d","","","",""
"peritext","marked-delete-churn","sal-peritext","both","freq",601,"","","","","","","","","","",109.24545799999999,10.686916,172493,0,6.076459,0,0,602,1,"",602,"",13220,40,167,127,240,17307,"84b998b6b69f51d0bded6d49888ff66f0219f8321143ba10ebc7975bd970554d","","","",""
"peritext","marked-delete-churn","sal-peritext-shared","full-state","bulk",2101,"","","","","","","","","","",1338.085042,33.879123,687875,0,26.016375,0,0,2102,2103,"",0,"",67502,100,488,388,1200,500,"d34d6f5f4f6cdd4041883b5786aeec0e4a8f1b01e19506b407d7fb3439cead75","","","",""
"peritext","marked-delete-churn","sal-peritext","full-state","bulk",2101,"","","","","","","","","","",2121.3909160000003,30.191416,686378,0,24.316458,0,0,2102,2103,"",0,"",66956,100,488,388,1200,122879,"d34d6f5f4f6cdd4041883b5786aeec0e4a8f1b01e19506b407d7fb3439cead75","","","",""
"peritext","marked-delete-churn","sal-peritext-shared","full-state","freq",601,"","","","","","","","","","",86.40591700000002,11.064709,173324,0,6.471083,0,0,602,603,"",0,"",13524,40,167,127,240,200,"84b998b6b69f51d0bded6d49888ff66f0219f8321143ba10ebc7975bd970554d","","","",""
"peritext","marked-delete-churn","sal-peritext","full-state","freq",601,"","","","","","","","","","",109.39395800000001,10.459749,172493,0,6.03225,0,0,602,603,"",0,"",13220,40,167,127,240,17307,"84b998b6b69f51d0bded6d49888ff66f0219f8321143ba10ebc7975bd970554d","","","",""
"peritext","marked-delete-churn","sal-peritext-shared","history","bulk",2101,"","","","","","","","","","",1353.382125,16.623918,517035,3.254625,0,0,0,2102,2,"",0,"",67484,100,500,401,1200,500,"d34d6f5f4f6cdd4041883b5786aeec0e4a8f1b01e19506b407d7fb3439cead75","","","",""
"peritext","marked-delete-churn","sal-peritext","history","bulk",2101,"","","","","","","","","","",2048.63125,15.290332999999999,517035,3.270583,0,0,0,2102,2,"",0,"",66982,100,500,401,1200,125250,"d34d6f5f4f6cdd4041883b5786aeec0e4a8f1b01e19506b407d7fb3439cead75","","","",""
"peritext","marked-delete-churn","sal-peritext-shared","history","freq",601,"","","","","","","","","","",74.910667,5.738208,138026,1.088583,0,0,0,602,2,"",0,"",13494,40,200,161,240,200,"84b998b6b69f51d0bded6d49888ff66f0219f8321143ba10ebc7975bd970554d","","","",""
"peritext","marked-delete-churn","sal-peritext","history","freq",601,"","","","","","","","","","",101.51733399999998,5.627083,138026,1.124291,0,0,0,602,2,"",0,"",13292,40,200,161,240,20100,"84b998b6b69f51d0bded6d49888ff66f0219f8321143ba10ebc7975bd970554d","","","",""
"peritext","marked-delete-churn","sal-peritext-shared","none","bulk",2101,"","","","","","","","","","",1294.689125,15.382958,517035,0,0,0,0,2102,2102,"",0,"",67484,100,500,401,1200,500,"d34d6f5f4f6cdd4041883b5786aeec0e4a8f1b01e19506b407d7fb3439cead75","","","",""
"peritext","marked-delete-churn","sal-peritext","none","bulk",2101,"","","","","","","","","","",2038.755083,15.281292,517035,0,0,0,0,2102,2102,"",0,"",66982,100,500,401,1200,125250,"d34d6f5f4f6cdd4041883b5786aeec0e4a8f1b01e19506b407d7fb3439cead75","","","",""
"peritext","marked-delete-churn","sal-peritext-shared","none","freq",601,"","","","","","","","","","",74.5635,5.793207,138026,0,0,0,0,602,602,"",0,"",13494,40,200,161,240,200,"84b998b6b69f51d0bded6d49888ff66f0219f8321143ba10ebc7975bd970554d","","","",""
"peritext","marked-delete-churn","sal-peritext","none","freq",601,"","","","","","","","","","",99.19179199999999,5.682665999999999,138026,0,0,0,0,602,602,"",0,"",13292,40,200,161,240,20100,"84b998b6b69f51d0bded6d49888ff66f0219f8321143ba10ebc7975bd970554d","","","",""
"peritext","marked-delete-churn","sal-peritext-shared","text-state","bulk",2101,"","","","","","","","","","",1311.7255,36.860333000000004,687875,0,23.552,0,0,2102,2103,"",0,"",67502,100,488,388,1200,500,"d34d6f5f4f6cdd4041883b5786aeec0e4a8f1b01e19506b407d7fb3439cead75","","","",""
"peritext","marked-delete-churn","sal-peritext","text-state","bulk",2101,"","","","","","","","","","",2132.67475,39.11475,686378,0,19.700208,0,0,2102,2103,"",0,"",66956,100,488,388,1200,122879,"d34d6f5f4f6cdd4041883b5786aeec0e4a8f1b01e19506b407d7fb3439cead75","","","",""
"peritext","marked-delete-churn","sal-peritext-shared","text-state","freq",601,"","","","","","","","","","",85.71287500000001,11.053125000000001,173324,0,5.984959,0,0,602,603,"",0,"",13524,40,167,127,240,200,"84b998b6b69f51d0bded6d49888ff66f0219f8321143ba10ebc7975bd970554d","","","",""
"peritext","marked-delete-churn","sal-peritext","text-state","freq",601,"","","","","","","","","","",108.615208,10.913626,172493,0,5.310375,0,0,602,603,"",0,"",13220,40,167,127,240,17307,"84b998b6b69f51d0bded6d49888ff66f0219f8321143ba10ebc7975bd970554d","","","",""
"peritext","multi-epoch-rich","sal-peritext-shared","both","bulk",2303,"","","","","","","","","","",2892.529583,117.799001,762665,0,93.047835,2,2206,1206,1207,"",0,"evidence from B has not reached the compaction cut",45744,931,1168,237,627,1243,"56be0cc605de73dd8196ff20e7c1c5828e57e208a8c6da2b183d780fe7a4e09e","","","",""
"peritext","multi-epoch-rich","sal-peritext","both","bulk",2303,"","","","","","","","","","",4937.722374999999,85.686001,713329,0,51.703458999999995,2,2206,1206,1207,"",0,"evidence from B has not reached the compaction cut",38235,931,1168,237,627,297276,"56be0cc605de73dd8196ff20e7c1c5828e57e208a8c6da2b183d780fe7a4e09e","","","",""
"peritext","multi-epoch-rich","sal-peritext-shared","both-delayed","bulk",2303,"","","","","","","","","","",2922.36225,119.522502,762665,0,98.476167,2,2206,1206,1207,1207,0,"evidence from B has not reached the compaction cut",45744,931,1168,237,627,1243,"56be0cc605de73dd8196ff20e7c1c5828e57e208a8c6da2b183d780fe7a4e09e","","","",""
"peritext","multi-epoch-rich","sal-peritext","both-delayed","bulk",2303,"","","","","","","","","","",4964.012291,80.960748,713329,0,57.09,2,2206,1206,1207,1207,0,"evidence from B has not reached the compaction cut",38235,931,1168,237,627,297276,"56be0cc605de73dd8196ff20e7c1c5828e57e208a8c6da2b183d780fe7a4e09e","","","",""
"peritext","multi-epoch-rich","sal-peritext-shared","both-delayed","freq",323,"","","","","","","","","","",63.3035,20.041082000000003,88635,0,12.957457999999999,2,486,86,87,87,0,"evidence from B has not reached the compaction cut",3342,212,232,20,40,246,"30eb503a7543367aebbb7f8a6f0de0818880d5f30940be7d168f51ec4a5fa77a","","","",""
"peritext","multi-epoch-rich","sal-peritext","both-delayed","freq",323,"","","","","","","","","","",71.646833,16.564542999999997,83671,0,9.283833,2,486,86,87,87,0,"evidence from B has not reached the compaction cut",2569,212,232,20,40,23597,"30eb503a7543367aebbb7f8a6f0de0818880d5f30940be7d168f51ec4a5fa77a","","","",""
"peritext","multi-epoch-rich","sal-peritext-shared","both","freq",323,"","","","","","","","","","",63.939499999999995,20.312916,88635,0,12.749998999999999,2,486,86,87,"",0,"evidence from B has not reached the compaction cut",3342,212,232,20,40,246,"30eb503a7543367aebbb7f8a6f0de0818880d5f30940be7d168f51ec4a5fa77a","","","",""
"peritext","multi-epoch-rich","sal-peritext","both","freq",323,"","","","","","","","","","",72.69512499999999,18.752209000000004,83671,0,9.175542,2,486,86,87,"",0,"evidence from B has not reached the compaction cut",2569,212,232,20,40,23597,"30eb503a7543367aebbb7f8a6f0de0818880d5f30940be7d168f51ec4a5fa77a","","","",""
"peritext","multi-epoch-rich","sal-peritext-shared","full-state","bulk",2303,"","","","","","","","","","",3014.736917,113.359085,768119,0,80.939583,2,0,2309,2310,"",0,"",44982,931,1091,160,627,1219,"56be0cc605de73dd8196ff20e7c1c5828e57e208a8c6da2b183d780fe7a4e09e","","","",""
"peritext","multi-epoch-rich","sal-peritext","full-state","bulk",2303,"","","","","","","","","","",4984.782,84.664499,720511,0,56.04775000000001,2,0,2309,2310,"",0,"",37732,931,1091,160,627,275405,"56be0cc605de73dd8196ff20e7c1c5828e57e208a8c6da2b183d780fe7a4e09e","","","",""
"peritext","multi-epoch-rich","sal-peritext-shared","full-state","freq",323,"","","","","","","","","","",66.178542,21.336792000000003,90300,0,13.283791,2,0,329,330,"",0,"",3313,212,218,6,40,245,"30eb503a7543367aebbb7f8a6f0de0818880d5f30940be7d168f51ec4a5fa77a","","","",""
"peritext","multi-epoch-rich","sal-peritext","full-state","freq",323,"","","","","","","","","","",75.732583,18.093373000000003,85242,0,9.34275,2,0,329,330,"",0,"",2520,212,218,6,40,22256,"30eb503a7543367aebbb7f8a6f0de0818880d5f30940be7d168f51ec4a5fa77a","","","",""
"peritext","multi-epoch-rich","sal-peritext-shared","history","bulk",2301,"","","","","","","","","","",2822.9429999999998,34.371667,515409,3.031625,0,0,0,2305,3,"",0,"",44376,931,1294,364,627,1294,"56be0cc605de73dd8196ff20e7c1c5828e57e208a8c6da2b183d780fe7a4e09e","","","",""
"peritext","multi-epoch-rich","sal-peritext","history","bulk",2301,"","","","","","","","","","",16307.451916999999,27.031167,515409,3.211333,0,0,0,2305,3,"",0,"",40383,931,1294,364,627,341603,"56be0cc605de73dd8196ff20e7c1c5828e57e208a8c6da2b183d780fe7a4e09e","","","",""
"peritext","multi-epoch-rich","sal-peritext-shared","history","freq",321,"","","","","","","","","","",37.971875000000004,7.073541999999999,68165,0.56725,0,0,0,325,3,"",0,"",3073,212,246,35,40,246,"30eb503a7543367aebbb7f8a6f0de0818880d5f30940be7d168f51ec4a5fa77a","","","",""
"peritext","multi-epoch-rich","sal-peritext","history","freq",321,"","","","","","","","","","",76.36220800000001,6.081458,68165,0.585584,0,0,0,325,3,"",0,"",2653,212,246,35,40,25517,"30eb503a7543367aebbb7f8a6f0de0818880d5f30940be7d168f51ec4a5fa77a","","","",""
"peritext","multi-epoch-rich","sal-peritext-shared","none","bulk",2301,"","","","","","","","","","",2957.594666,34.142165999999996,515409,0,0,0,0,2305,2305,"",0,"",44376,931,1294,364,627,1294,"56be0cc605de73dd8196ff20e7c1c5828e57e208a8c6da2b183d780fe7a4e09e","","","",""
"peritext","multi-epoch-rich","sal-peritext","none","bulk",2301,"","","","","","","","","","",16313.971417,27.490791,515409,0,0,0,0,2305,2305,"",0,"",40383,931,1294,364,627,341603,"56be0cc605de73dd8196ff20e7c1c5828e57e208a8c6da2b183d780fe7a4e09e","","","",""
"peritext","multi-epoch-rich","sal-peritext-shared","none","freq",321,"","","","","","","","","","",37.610208,6.981875,68165,0,0,0,0,325,325,"",0,"",3073,212,246,35,40,246,"30eb503a7543367aebbb7f8a6f0de0818880d5f30940be7d168f51ec4a5fa77a","","","",""
"peritext","multi-epoch-rich","sal-peritext","none","freq",321,"","","","","","","","","","",76.00079199999999,5.986543000000001,68165,0,0,0,0,325,325,"",0,"",2653,212,246,35,40,25517,"30eb503a7543367aebbb7f8a6f0de0818880d5f30940be7d168f51ec4a5fa77a","","","",""
"peritext","multi-epoch-rich","sal-peritext-shared","text-state","bulk",2303,"","","","","","","","","","",3122.6977920000004,124.89866500000002,768119,0,90.652501,2,0,2309,2310,"",0,"",44982,931,1091,160,627,1219,"56be0cc605de73dd8196ff20e7c1c5828e57e208a8c6da2b183d780fe7a4e09e","","","",""
"peritext","multi-epoch-rich","sal-peritext","text-state","bulk",2303,"","","","","","","","","","",4965.56775,93.59229300000001,720511,0,53.594417,2,0,2309,2310,"",0,"",37732,931,1091,160,627,275405,"56be0cc605de73dd8196ff20e7c1c5828e57e208a8c6da2b183d780fe7a4e09e","","","",""
"peritext","multi-epoch-rich","sal-peritext-shared","text-state","freq",323,"","","","","","","","","","",65.46995799999999,20.833044,90300,0,13.093792,2,0,329,330,"",0,"",3313,212,218,6,40,245,"30eb503a7543367aebbb7f8a6f0de0818880d5f30940be7d168f51ec4a5fa77a","","","",""
"peritext","multi-epoch-rich","sal-peritext","text-state","freq",323,"","","","","","","","","","",75.55783299999999,18.12546,85242,0,9.103041,2,0,329,330,"",0,"",2520,212,218,6,40,22256,"30eb503a7543367aebbb7f8a6f0de0818880d5f30940be7d168f51ec4a5fa77a","","","",""
"peritext","offline-rich","sal-peritext-shared","both","bulk",2501,"","","","","","","","","","",4565.95525,53.913917,697693,0,43.002792,0,0,2502,1,"",2502,"",50019,957,1121,164,707,1266,"bd23b7ab3eb0f2046e950a00eb56c37398effc1ad44f4ca732259233ff090450","","","",""
"peritext","offline-rich","sal-peritext","both","bulk",2501,"","","","","","","","","","",23906.595959,48.915333000000004,675383,0,35.75475,0,0,2502,1,"",2502,"",42404,957,1121,164,707,283109,"bd23b7ab3eb0f2046e950a00eb56c37398effc1ad44f4ca732259233ff090450","","","",""
"peritext","offline-rich","sal-peritext-shared","both-delayed","bulk",2501,"","","","","","","","","","",4504.559542,54.013209,697693,0,42.619125,0,0,2502,1,2503,2502,"",50019,957,1121,164,707,1266,"bd23b7ab3eb0f2046e950a00eb56c37398effc1ad44f4ca732259233ff090450","","","",""
"peritext","offline-rich","sal-peritext","both-delayed","bulk",2501,"","","","","","","","","","",24115.89525,53.694292000000004,675383,0,34.503792,0,0,2502,1,2503,2502,"",42404,957,1121,164,707,283109,"bd23b7ab3eb0f2046e950a00eb56c37398effc1ad44f4ca732259233ff090450","","","",""
"peritext","offline-rich","sal-peritext-shared","both-delayed","freq",601,"","","","","","","","","","",136.492959,12.85596,159085,0,8.714375,0,0,602,1,603,602,"",9824,276,301,25,138,345,"c30459f359d0b9a98f70be15a9ecfb049b86aa76bb99e2b6a6801ffaea845b37","","","",""
"peritext","offline-rich","sal-peritext","both-delayed","freq",601,"","","","","","","","","","",429.40075,12.881125,154164,0,7.74525,0,0,602,1,603,602,"",8069,276,301,25,138,31239,"c30459f359d0b9a98f70be15a9ecfb049b86aa76bb99e2b6a6801ffaea845b37","","","",""
"peritext","offline-rich","sal-peritext-shared","both","freq",601,"","","","","","","","","","",137.15783399999998,13.013834,159085,0,8.721917,0,0,602,1,"",602,"",9824,276,301,25,138,345,"c30459f359d0b9a98f70be15a9ecfb049b86aa76bb99e2b6a6801ffaea845b37","","","",""
"peritext","offline-rich","sal-peritext","both","freq",601,"","","","","","","","","","",427.871667,12.885458,154164,0,7.857125,0,0,602,1,"",602,"",8069,276,301,25,138,31239,"c30459f359d0b9a98f70be15a9ecfb049b86aa76bb99e2b6a6801ffaea845b37","","","",""
"peritext","offline-rich","sal-peritext-shared","full-state","bulk",2501,"","","","","","","","","","",4348.126916,53.56,697693,0,42.2535,0,0,2502,2503,"",0,"",50019,957,1121,164,707,1266,"bd23b7ab3eb0f2046e950a00eb56c37398effc1ad44f4ca732259233ff090450","","","",""
"peritext","offline-rich","sal-peritext","full-state","bulk",2501,"","","","","","","","","","",23795.236791,49.025333,675383,0,35.726916,0,0,2502,2503,"",0,"",42404,957,1121,164,707,283109,"bd23b7ab3eb0f2046e950a00eb56c37398effc1ad44f4ca732259233ff090450","","","",""
"peritext","offline-rich","sal-peritext-shared","full-state","freq",601,"","","","","","","","","","",135.90629099999998,12.783417,159085,0,8.716625,0,0,602,603,"",0,"",9824,276,301,25,138,345,"c30459f359d0b9a98f70be15a9ecfb049b86aa76bb99e2b6a6801ffaea845b37","","","",""
"peritext","offline-rich","sal-peritext","full-state","freq",601,"","","","","","","","","","",428.960709,12.777916000000001,154164,0,8.161208,0,0,602,603,"",0,"",8069,276,301,25,138,31239,"c30459f359d0b9a98f70be15a9ecfb049b86aa76bb99e2b6a6801ffaea845b37","","","",""
"peritext","offline-rich","sal-peritext-shared","history","bulk",2501,"","","","","","","","","","",4214.677667,20.091042,563512,4.090375,0,0,0,2502,2,"",0,"",49688,957,1375,419,707,1375,"bd23b7ab3eb0f2046e950a00eb56c37398effc1ad44f4ca732259233ff090450","","","",""
"peritext","offline-rich","sal-peritext","history","bulk",2501,"","","","","","","","","","",24037.035541999998,19.086333,563512,4.072541,0,0,0,2502,2,"",0,"",45491,957,1375,419,707,364861,"bd23b7ab3eb0f2046e950a00eb56c37398effc1ad44f4ca732259233ff090450","","","",""
"peritext","offline-rich","sal-peritext-shared","history","freq",601,"","","","","","","","","","",124.944041,5.815459000000001,132029,1.368916,0,0,0,602,2,"",0,"",9622,276,369,94,138,369,"c30459f359d0b9a98f70be15a9ecfb049b86aa76bb99e2b6a6801ffaea845b37","","","",""
"peritext","offline-rich","sal-peritext","history","freq",601,"","","","","","","","","","",418.727709,5.504167000000001,132029,1.157167,0,0,0,602,2,"",0,"",8642,276,369,94,138,41152,"c30459f359d0b9a98f70be15a9ecfb049b86aa76bb99e2b6a6801ffaea845b37","","","",""
"peritext","offline-rich","sal-peritext-shared","none","bulk",2501,"","","","","","","","","","",4248.433833,18.788541,563512,0,0,0,0,2502,2502,"",0,"",49688,957,1375,419,707,1375,"bd23b7ab3eb0f2046e950a00eb56c37398effc1ad44f4ca732259233ff090450","","","",""
"peritext","offline-rich","sal-peritext","none","bulk",2501,"","","","","","","","","","",23798.434333,16.899916,563512,0,0,0,0,2502,2502,"",0,"",45491,957,1375,419,707,364861,"bd23b7ab3eb0f2046e950a00eb56c37398effc1ad44f4ca732259233ff090450","","","",""
"peritext","offline-rich","sal-peritext-shared","none","freq",601,"","","","","","","","","","",118.22858299999999,5.549043,132029,0,0,0,0,602,602,"",0,"",9622,276,369,94,138,369,"c30459f359d0b9a98f70be15a9ecfb049b86aa76bb99e2b6a6801ffaea845b37","","","",""
"peritext","offline-rich","sal-peritext","none","freq",601,"","","","","","","","","","",414.605792,5.673292,132029,0,0,0,0,602,602,"",0,"",8642,276,369,94,138,41152,"c30459f359d0b9a98f70be15a9ecfb049b86aa76bb99e2b6a6801ffaea845b37","","","",""
"peritext","offline-rich","sal-peritext-shared","text-state","bulk",2501,"","","","","","","","","","",4316.0365,60.588875,697693,0,42.192042,0,0,2502,2503,"",0,"",50019,957,1121,164,707,1266,"bd23b7ab3eb0f2046e950a00eb56c37398effc1ad44f4ca732259233ff090450","","","",""
"peritext","offline-rich","sal-peritext","text-state","bulk",2501,"","","","","","","","","","",23832.262541,49.77996,675383,0,35.009167,0,0,2502,2503,"",0,"",42404,957,1121,164,707,283109,"bd23b7ab3eb0f2046e950a00eb56c37398effc1ad44f4ca732259233ff090450","","","",""
"peritext","offline-rich","sal-peritext-shared","text-state","freq",601,"","","","","","","","","","",137.31145899999999,13.421957,159085,0,8.208708,0,0,602,603,"",0,"",9824,276,301,25,138,345,"c30459f359d0b9a98f70be15a9ecfb049b86aa76bb99e2b6a6801ffaea845b37","","","",""
"peritext","offline-rich","sal-peritext","text-state","freq",601,"","","","","","","","","","",428.77049999999997,11.995418,154164,0,7.517667,0,0,602,603,"",0,"",8069,276,301,25,138,31239,"c30459f359d0b9a98f70be15a9ecfb049b86aa76bb99e2b6a6801ffaea845b37","","","",""
"plain-text","concurrent-gc-ablation","sal-shared","both","bulk",6000,"","","","","","","","","","",3564.406125,82.139499,"",0,25.234834,"","",6007,1,"",6007,"",39821,3604,"","","",4156,"",0,"","",""
"plain-text","concurrent-gc-ablation","sal","both","bulk",6000,"","","","","","","","","","",22674.028084,77.516876,"",0,22.179125,"","",6007,1,"",6007,"",165207,3604,"","","",115196,"",0,"","",""
"plain-text","concurrent-gc-ablation","sal-shared","both-delayed","bulk",6000,"","","","","","","","","","",3529.335833,81.465832,"",0,28.211542,"","",6007,1,6008,6007,"",39821,3604,"","","",4156,"",0,"","",""
"plain-text","concurrent-gc-ablation","sal","both-delayed","bulk",6000,"","","","","","","","","","",22580.321291999997,77.60454100000001,"",0,20.099292,"","",6007,1,6008,6007,"",165207,3604,"","","",115196,"",0,"","",""
"plain-text","concurrent-gc-ablation","sal-shared","both-delayed","freq",3000,"","","","","","","","","","",1171.353959,234.090079,"",0,13.539333,"","",3061,1,3062,3061,"",18839,1804,"","","",2052,"",0,"","",""
"plain-text","concurrent-gc-ablation","sal","both-delayed","freq",3000,"","","","","","","","","","",5403.635458000001,222.73983,"",0,11.100417,"","",3061,1,3062,3061,"",59172,1804,"","","",34507,"",0,"","",""
"plain-text","concurrent-gc-ablation","sal-shared","both","freq",3000,"","","","","","","","","","",1177.0795420000002,234.23395699999998,"",0,12.338625,"","",3061,1,"",3061,"",18839,1804,"","","",2052,"",0,"","",""
"plain-text","concurrent-gc-ablation","sal","both","freq",3000,"","","","","","","","","","",5350.862292,220.737295,"",0,10.713417,"","",3061,1,"",3061,"",59172,1804,"","","",34507,"",0,"","",""
"plain-text","concurrent-gc-ablation","sal-shared","history","bulk",6000,"","","","","","","","","","",2668.198083,57.852917000000005,"",72.684873,0,"","",1002,1002,"",0,"",31479,3604,"","","",4188,"",10010,"","",""
"plain-text","concurrent-gc-ablation","sal","history","bulk",6000,"","","","","","","","","","",21696.714333,52.392123999999995,"",73.21,0,"","",1002,1002,"",0,"",360231,3604,"","","",310220,"",10010,"","",""
"plain-text","concurrent-gc-ablation","sal-shared","history","freq",3000,"","","","","","","","","","",608.6197910000001,54.49033199999999,"",30.578831000000008,0,"","",52,52,"",0,"",15449,1804,"","","",2071,"",6018,"","",""
"plain-text","concurrent-gc-ablation","sal","history","freq",3000,"","","","","","","","","","",4796.2308330000005,41.230125,"",30.638711999999998,0,"","",52,52,"",0,"",159068,1804,"","","",134403,"",6018,"","",""
"plain-text","concurrent-gc-ablation","sal-shared","none","bulk",6000,"","","","","","","","","","",3497.323583,81.8225,"",0,0,"","",6007,6007,"",0,"",31479,3604,"","","",4188,"",0,"","",""
"plain-text","concurrent-gc-ablation","sal","none","bulk",6000,"","","","","","","","","","",22640.790042,77.617958,"",0,0,"","",6007,6007,"",0,"",360231,3604,"","","",310220,"",0,"","",""
"plain-text","concurrent-gc-ablation","sal-shared","none","freq",3000,"","","","","","","","","","",1133.710916,234.10258100000001,"",0,0,"","",3061,3061,"",0,"",15449,1804,"","","",2071,"",0,"","",""
"plain-text","concurrent-gc-ablation","sal","none","freq",3000,"","","","","","","","","","",5357.599084,221.87383400000002,"",0,0,"","",3061,3061,"",0,"",159068,1804,"","","",134403,"",0,"","",""
"plain-text","concurrent-gc-ablation","sal-shared","state","bulk",6000,"","","","","","","","","","",3584.1624580000002,81.879458,"",0,26.324416,"","",6007,6008,"",0,"",39821,3604,"","","",4156,"",0,"","",""
"plain-text","concurrent-gc-ablation","sal","state","bulk",6000,"","","","","","","","","","",22595.819375,78.314957,"",0,22.075417,"","",6007,6008,"",0,"",165207,3604,"","","",115196,"",0,"","",""
"plain-text","concurrent-gc-ablation","sal-shared","state","freq",3000,"","","","","","","","","","",1160.2662910000001,232.85574599999995,"",0,12.470667,"","",3061,3062,"",0,"",18839,1804,"","","",2052,"",0,"","",""
"plain-text","concurrent-gc-ablation","sal","state","freq",3000,"","","","","","","","","","",5373.432083,224.45841700000003,"",0,10.466625,"","",3061,3062,"",0,"",59172,1804,"","","",34507,"",0,"","",""
"plain-text","sequential-trace","automerge","","",259778,104852,"",884104,"","","","","",129130,"","","","","","","","","","","","","","","","","","","","","",7156.189791,26.959,33.166
"plain-text","sequential-trace","automerge","","",24326,21148,"",792336,"","","","","",25724,"","","","","","","","","","","","","","","","","","","","","",717.718334,28.417,34.625
"plain-text","sequential-trace","automerge","","",26078,21362,"",791272,"","","","","",27429,"","","","","","","","","","","","","","","","","","","","","",723.608208,26.5,33.666
"plain-text","sequential-trace","automerge","","",368209,56769,"",897544,"","","","","",205250,"","","","","","","","","","","","","","","","","","","","","",10285.77025,27.708,32.875
"plain-text","sequential-trace","listpositions","","",259778,104852,"",2182192,"","","","","",492935,"","","","","","","","","","","","","","","","","","","","","",197.856208,0.667,1.125
"plain-text","sequential-trace","listpositions","","",24326,21148,"",590424,"","","","","",61026,"","","","","","","","","","","","","","","","","","","","","",24.359083,0.667,2.791
"plain-text","sequential-trace","listpositions","","",26078,21362,"",781864,"","","","","",100337,"","","","","","","","","","","","","","","","","","","","","",25.240083,0.666,1.667
"plain-text","sequential-trace","listpositions","","",368209,56769,"",2492896,"","","","","",572686,"","","","","","","","","","","","","","","","","","","","","",488.27475,0.958,3.792
"plain-text","sequential-trace","loro","","",259778,104852,"",299480,"","","","","",251015,"","","","","","","","","","","","","","","","","","","","","",202.951125,0.459,1.458
"plain-text","sequential-trace","loro","","",24326,21148,"",210840,"","","","","",65553,"","","","","","","","","","","","","","","","","","","","","",26.629583,0.708,1.792
"plain-text","sequential-trace","loro","","",26078,21362,"",210608,"","","","","",61707,"","","","","","","","","","","","","","","","","","","","","",27.212,0.625,1.75
"plain-text","sequential-trace","loro","","",368209,56769,"",267424,"","","","","",336808,"","","","","","","","","","","","","","","","","","","","","",306.591333,0.583,1.333
"plain-text","sequential-trace","sal","","",259778,104852,"",22981336,"","","","","",130300,"","","","","","","","","","","","","","","","","","","","","",2279.85475,4.917,25.667
"plain-text","sequential-trace","sal","","",24326,21148,"",4460968,"","","","","",32782,"","","","","","","","","","","","","","","","","","","","","",19.461375,0.375,2.166
"plain-text","sequential-trace","sal","","",26078,21362,"",4497640,"","","","","",31457,"","","","","","","","","","","","","","","","","","","","","",22.416833,0.542,1.792
"plain-text","sequential-trace","sal","","",368209,56769,"",13299904,"","","","","",88120,"","","","","","","","","","","","","","","","","","","","","",1937.925708,4.208,12.958
"plain-text","sequential-trace","sal-shared","","",259778,104852,"",26650800,"","","","","",249973,"","","","","","","","","","","","","","","","","","","","","",2281.620084,4.75,25.834
"plain-text","sequential-trace","sal-shared","","",24326,21148,"",5027352,"","","","","",62412,"","","","","","","","","","","","","","","","","","","","","",17.278625,0.375,1.625
"plain-text","sequential-trace","sal-shared","","",26078,21362,"",5086696,"","","","","",59064,"","","","","","","","","","","","","","","","","","","","","",21.842625,0.542,1.708
"plain-text","sequential-trace","sal-shared","","",368209,56769,"",15652776,"","","","","",161046,"","","","","","","","","","","","","","","","","","","","","",1929.010875,4.083,11.916
"plain-text","sequential-trace","yjs","","",259778,104852,"",3973632,"","","","","",311038,"","","","","","","","","","","","","","","","","","","","","",686.24725,1.416,11
"plain-text","sequential-trace","yjs","","",24326,21148,"",1613512,"","","","","",84775,"","","","","","","","","","","","","","","","","","","","","",51.941292,1.792,2.458
"plain-text","sequential-trace","yjs","","",26078,21362,"",1534808,"","","","","",81480,"","","","","","","","","","","","","","","","","","","","","",53.545583,1.667,2.583
"plain-text","sequential-trace","yjs","","",368209,56769,"",4367176,"","","","","",308135,"","","","","","","","","","","","","","","","","","","","","",748.61725,1.417,5.333
